order_id,order_item_id,product_id,seller_id,shipping_limit_date,price,freight_value
008a40c2b8b21893e04945ce58854b55,1,016711f78a6a87696645db0a6a834826,a5cba26a62b8b4d0145b68b841e62e7f,2018-05-04 20:54:23,99.0,13.0
00fc308dd7f0937682698becaa9dcc45,1,940d38f0ef286bd93612fcdc91dd38ed,53e4c6e0f4312d4d2107a8c9cddf45cd,2018-08-23 20:10:12,85.71,18.4
0124e0c5bfae1979838a91e47df53f14,1,0bcc3eeca39e1064258aa1e932269894,1f50f920176fa81dab994f9023523100,2018-02-14 16:31:36,49.9,12.48
042649285cd08ef7c546445419b43407,1,927225847efa8853ebf52c9b5b9b8cc6,855668e0971d4dfd7bef1b6a4133b41b,2018-03-28 15:35:36,59.99,18.35
0452166f3b0d8e378179ecea1efdfe05,1,40df4be4429553e18755913ac3cfeac5,ff1e15b778c700abdd4d239b81ac466d,2018-08-14 11:35:23,59.9,11.91
0510f632b86f01064ebbde67deb63bb5,1,10070e29929f7c7d609ee3201f236b8e,8a130737016f838139d31878787a39c9,2018-06-29 00:31:25,95.2,18.47
0589d8b975f21fea2ad626ea99527911,1,ba01cebc5a3c2494d0a97d4713ec8938,a416b6a846a11724393025641d4edd5e,2018-03-06 16:31:15,201.34,25.96
06aa0aa8c22027ebb953d501c4238512,1,cd2c0529e45020c77a7c05b4ef2408fd,0885aaf116795758dfeb5f1032487bcd,2018-05-02 20:31:06,69.9,8.88
0724cc371750e7fdfe769d2a8bdd5b92,1,05a9dadb8402b6b7ae3dd28f7da187b5,522620dcb18a6b31cd7bdf73665113a9,2018-01-30 15:36:57,159.0,25.95
0739104e30e20de6c0956c0889a9b9dc,1,2f07e976774b91520e17dd3b2dba73c3,11742f81550ac064cc9a40f67151d9ad,2018-08-23 19:10:44,369.9,24.41
07440dff5293ea24c5fac25a473c2eef,1,dbdbf17a51049bf883b4d622a357b75b,d97df38225e5abadaff1e72cb72b823c,2018-04-04 23:07:36,75.0,51.03
07bebe0626c8053ad425381fe0882655,1,53759a2ecddad2bb87a079a1f1519f73,1f50f920176fa81dab994f9023523100,2017-10-02 04:07:12,59.9,17.67
083ade26303c53b4aa1c779b67d44485,1,044f125d78e0a631b0479182a37aab8c,d6ab728cf30867cf3f1a2e216ae2f9b7,2018-06-17 21:31:53,61.0,15.31
09a0d7c2cc6f652acd3537e7a91c7000,1,34d6306314a47fe15c1efdbc23302020,229c3efbfb0ea2058de4ccdfbc3d784a,2017-05-19 14:15:23,69.0,12.61
09fd9b0402ed675bbd1ee1e81171ac7c,1,774ea72f37a7fbf1fb32b973a18f2348,f80edd2c5aaa505cc4b0a3b219abf4b8,2018-08-20 22:09:31,144.9,65.46
0a15572811e0bc23e2963de1cdf344f0,1,2b0c892ab2b8e600a0b186db31f5947d,54a1852d1b8f10312c55e906355666ee,2018-04-25 11:30:55,79.99,23.14
0bc16cf0c58995bbc893af2e151534d0,1,8e48c45980a3fee42f12f7986a4b68d5,e5e33c0d8e7e002f398f5dc4cbbb338f,2018-06-11 19:52:19,415.7,20.79
0c11df2b80d95b1eabdcdf3790bb3347,1,3fedaec688964ccf38949f271a51c888,eba88037e1dca898cd02881f67ced679,2018-03-15 17:45:25,180.5,23.84
0c5c8063a673f3c44b6499053e534ccb,1,5a848e4ab52fd5445cdc07aab1c40e48,c826c40d7b19f62a09e2d7c5e7295ee2,2018-01-12 20:12:30,122.99,15.61
0c91c4102d1858f4ced29970f55e54a0,1,07c055536ebf10dfbb6c6db6dbfc36e5,cca3071e3e9bb7d12640c9fbe2301306,2017-03-15 11:01:46,45.9,10.96
0ca1bac7f133e0eced641bff853f52ea,1,c6336fa91fbd87c359e44f5dca5a90ed,4c2b230173bb36f9b240f2b8ac11786e,2017-11-08 03:15:34,45.9,15.1
0d5fb8614978748bcfbef448c8a74a17,1,5194b6f4fa50ae9404bfd3e48ebe3911,17e34d8224d27a541263c4c64b11a56b,2018-08-10 10:15:30,181.5,20.46
0ea322b0cc5c5a359a4b83e2cae08390,1,7da9810448a8f92f73339d58b1dd73a9,2138ccb85b11a4ec1e37afbd1c8eda1f,2017-04-27 09:22:07,18.99,10.96
0eb43791d78d71f1098d5cb2b46e4c7b,1,f4f67ccaece962d013a4e1d7dc3a61f7,8581055ce74af1daba164fdbd55a40de,2017-03-30 15:10:16,241.1,22.0
115cf7c242febcbed832ad6d631db40e,1,ae6b739ab6e9d7991fb2ddd70f9c0b6b,53e4c6e0f4312d4d2107a8c9cddf45cd,2017-05-18 02:45:08,46.2,9.74
1227f9af3b2ddb0b95060aab8e5b3dc7,1,b59b5899ecf4bcc294a72fdd48adaa94,562fc2f2c2863ab7e79a9e4388a58a14,2018-05-16 15:11:25,29.99,17.06
12aab7cb25bc6ae86c66cb3e7dc35a76,1,c8c073a1cae6a98799d7581958ede514,ad97a199236354e53fcd91a5a913e9a2,2017-12-29 17:31:56,522.5,24.15
132ab6f8e1c86c21b064ee8832129bb1,1,349ce46a0e2e20054aa9d80c48af8816,d6b1ce66b035a475f00c017792ff9769,2018-08-23 04:31:39,169.99,23.99
1389d3b1fab26d87e40c382d11a8ac3c,1,06edb72f1e0c64b14c5b79353f7abea3,391fc6631aebcf3004804e51b40bcf1e,2018-08-20 23:05:22,38.79,18.37
13cde3630a835cffb389eee14cbc0e1a,1,753a7c03962394fbdf40fbe595048b89,0be8ff43f22e456b4e0371b2245e4d01,2018-03-12 06:30:31,49.9,19.95
14e3b02a42f36ad7bdcdc8a0df427be3,1,ee0c1cf2fbeae95205b4aa506f1469f0,cc419e0650a3c5ba77189a1882b7556a,2018-03-16 17:40:44,53.99,18.26
1674cd4deb921f97a794a8401ce9017b,1,2adbf3f442344a158c04cb59b8db107a,3a490ba60afa30ece0e7d50cfe74a4f0,2017-12-22 20:31:27,189.9,38.88
19230cac8f45f89fc992b4048422b72e,1,93846cfcd171609cebb8b3f8c553d23f,54a1852d1b8f10312c55e906355666ee,2018-03-01 17:30:27,74.99,15.28
19aeea45917083f03541b7d11afc8e2b,1,495f9290868e1bde785d3c372608ad54,228e4c1a0be164f613d41c24345f9d2c,2018-06-18 19:31:59,109.9,22.7
1aa78d3a94e9d8054d63fd230c076bf6,1,083d6108def7421be9778dd0ecd11fa6,f5a590cf36251cf1162ea35bef76fe84,2017-11-29 22:14:11,299.99,10.91
1c4b283e95602be28c975207016558f1,1,00a985c524adbb97a4211e4ce17aabec,ea8482cd71df3c1969d7b9473ff13abc,2018-08-03 02:50:21,24.99,12.84
1dd524259037e53865e1fbee3697183b,1,67d9cf5b0dc7a0b9fb091efc68b14140,d50d79cb34e38265a8649c383dcffd48,2017-06-27 15:30:33,269.99,32.92
1e2b94b476c8738fbc5aed69524f2da4,1,b520b78a494cbd6e36d7a1c64cdffe0b,b3f19518fcec265b2e97af287725f981,2017-08-11 13:15:20,41.99,16.11
1fbebbbba3149f89e410951ca531cae2,1,3552627a68384dc559f0fd4cce173269,3c487ae8f8d7542beff5788e2e0aea83,2018-04-09 05:50:26,199.9,38.09
20cae0a28869a4321d8fe372731f80e0,1,a92930c327948861c015c919a0bcb4a8,6560211a19b47992c3666cc44a7e94c0,2018-01-21 23:53:31,78.0,7.8
21c9855588b3946347dcaa1f159edcd8,1,214182ef6dd2635420e172166e7ee047,98dac6635aee4995d501a3972e047414,2018-06-11 12:51:57,12.9,8.88
2282f08c7a3e5bc3e7b84bb444d6e1e6,1,3c5b70965b3d63c66a18dd46881a58c9,b6d44737c043328708f6749c2dbe50bd,2018-04-17 11:50:28,29.9,16.32
229d2824e311bf2592b6b7ce32af04a8,1,315274d6751133f612a67ccfa00c0522,7b0df942f46435babab05d49b744b2c4,2018-04-27 13:31:12,397.79,39.47
22a1a580ac153c5e2f469d27ad6a4e3d,1,8ccac7e503c0ba1f7e7b3aafeae52cca,710e3548e02bc1d2831dfc4f1b5b14d4,2018-04-19 13:55:18,88.99,19.68
22caa724849d26dec4cd73ffc70bc133,1,51945302d0858fe2efed398e1fa2df04,951e8cef368f09bb3f3d03c00ca4702c,2018-06-26 17:21:20,64.99,18.56
22df89b611e2a03b4957043cf949e51f,1,d51f9e208b88e49c98f6a55649d5df35,65febd49fd28ec955651299159b1f527,2018-08-24 09:30:20,55.0,11.41
233f0d86db908dbeb6c2ae5675b31e71,1,ba9943916136c9959e24f71bdae28faa,8c16d1f32a54d92897cc437244442e1b,2017-11-21 21:10:33,44.9,15.1
243312dbb316253ab77bb0140d94803c,1,4178e16324fd0c9a8e18463caf390cc6,ceaec5548eefc6e23e6607c5435102e7,2018-03-28 08:49:39,269.0,16.79
249ec92a8757d3abe81210827a19f08f,1,cc74107a3eceb1b0c1c000edae5a8431,0be8ff43f22e456b4e0371b2245e4d01,2018-06-21 10:57:42,89.9,7.89
261e71d2349c713eafa9f3df5972b95d,1,ad88641611c35ebd59ecda07a9f17099,c826c40d7b19f62a09e2d7c5e7295ee2,2018-01-25 12:37:13,157.77,14.85
26543fb8b34f4547bcbbd431f998ee76,1,35afc973633aaeb6b877ff57b2793310,4a3ca9315b744ce9f8e9374361493884,2017-11-14 16:30:42,89.9,13.65
26c032093452825fab1ef0adcde581ac,1,ca5c923962558430573f83661dbe36d6,66922902710d126a0e7d26b0e3805106,2018-08-16 16:55:34,105.0,23.54
2790c1db6fab421570c3a789c96ffd46,1,3d3204ab08bb14fe5114502ad7809384,d673a59aac7a70d8b01e6902bf090a11,2017-11-08 02:31:17,65.5,16.22
27d6233886151ecc1ed368ce120ec5cf,1,b40bd352960044e281fa405937aac605,d921b68bf747894be13a97ae52b0f386,2018-05-21 22:31:14,215.9,19.39
2939b6d48c2488e276205bc547c56aac,1,85b2e22dc10456c8ce7b81f78ba8624b,da8622b14eb17ae2831f4ac5b9dab84a,2018-01-11 02:38:00,179.9,15.46
29d3f2fc23b7f95b28dbe5e3ef783d93,1,73fdc89a7474d12e91ebb4a38341fd84,5bc24d989e71e93c33e50a7782431b0e,2018-08-08 14:05:20,249.9,37.1
2bfd14409ba8ba1153ce42b2abc44bb8,1,15b0e8706bf37a95f2bb3665c4cc4c6c,4bf2f4ee540798a61f9636d12cd9cc80,2017-12-22 18:52:09,152.0,15.81
2c5871f32e23db4f41bf1c58df2f1bee,1,389d119b48cf3043d311335e499d9c6b,1f50f920176fa81dab994f9023523100,2017-10-18 10:34:54,59.9,13.44
2d5a9031ce30f2732d18bb3722b887a4,1,9048cbd294fe0c1a3ec8c8248bc2cadd,6d66611d7c44cc30ce351abc49a68421,2017-05-26 14:50:07,69.9,17.74
2e233dded5d8af5e2baa5c1fca89a6c6,1,8ae2a62356fe10b4261e16268508ddb5,e06f09ec0a4aca210779cf1cfc63cf19,2017-12-21 14:52:16,159.9,15.87
2e4d78cc067d04eaaf791ecbfb2bc3ce,1,3aa87ff048f23ae9ac589dd73c21d98c,5f7300535881cef3b625fd683cf7d145,2018-04-19 09:30:50,89.17,9.36
2f6e1ce2926b6a1f5f9ea11d94b58cb0,1,f775e44f7a8609df5fc7a00faa8b458e,7142540dd4c91e2237acb7e911c4eba2,2017-06-09 13:10:23,71.82,13.52
2fc4ba497db1306b9048aceaf0f7e5a9,1,7686fe49c98ae1c537b5cc51992f5d20,9d5a9018aee56acb367ba9c3f05d1d6a,2017-09-28 02:30:13,172.33,12.4
2fc4ba497db1306b9048aceaf0f7e5a9,2,9ddc4249779322828f89d2a9c04f7ee1,9d5a9018aee56acb367ba9c3f05d1d6a,2017-09-28 02:30:13,112.33,27.28
309de5faf9baa8961fd068f3f4e44dcd,1,a12c9204f6f9e90ad1d8ba5571fbfed2,f262cbc1c910c83959f849465454ddd3,2018-02-06 00:50:40,29.99,14.1
317c2c773295f70b67e5511ccd55f81c,1,53b36df67ebb7c41585e8d54d6772e08,4869f7a5dfa277a7dca6462dcf3b52b2,2017-08-07 00:43:11,159.9,12.62
32733fc014b67ef70fa6039dd8c6ba82,1,e5a19f25b139394121110bbaab05087c,75d34ebb1bd0bd7dde40dd507b8169c3,2017-09-12 02:50:24,229.99,26.06
32f7f9fd01c6b5592202b48442caa441,1,372124d6931c4bc48dd0d56075ebee7c,da8622b14eb17ae2831f4ac5b9dab84a,2017-08-16 21:15:20,24.9,15.1
338be6220254203898339bb8b6021138,1,389d119b48cf3043d311335e499d9c6b,1f50f920176fa81dab994f9023523100,2018-05-24 02:58:57,53.9,8.11
338be6220254203898339bb8b6021138,2,389d119b48cf3043d311335e499d9c6b,1f50f920176fa81dab994f9023523100,2018-05-24 02:58:57,53.9,8.11
33c1911ef3652a03c6cb098b9399b1d3,1,d35825dd1741eee134506022d73f4e71,4c498c7345e89aebad651544829beca0,2018-07-09 15:31:46,79.69,18.66
343ee80178e16012130cb0007eac5888,1,48640118918b5bd6454e3fee20ad637b,2a7dc43cecabf23403078e2188437d1d,2017-11-30 16:31:26,294.0,28.2
360d1b0085f85a626f77b5fe558e8ae8,1,d04857e7b4b708ee8b8b9921163edba3,9f505651f4a6abe901a56cdc21508025,2018-07-20 12:22:21,69.99,15.59
3762c0ef92b5bc397671e6d7e6d5672f,1,422879e10f46682990de24d770e7f83d,1f50f920176fa81dab994f9023523100,2017-08-21 23:30:19,59.9,13.44
3772bd82db6b988f9a7008bdb3a4b729,1,9e4a852f41aff52bafff133d9deb5eee,3d871de0142ce09b7081e2b9d1733cb1,2017-09-08 06:24:30,99.0,17.94
377627ea55b004e8d55a2af17ba3c0e1,1,e8ac63e69971f9cf0bd7a7f78b8841ab,6560211a19b47992c3666cc44a7e94c0,2018-05-22 14:18:58,199.0,8.26
3785ffb02b0b201a23df7daf357c271d,1,2052b3c5e08893e567c2fb7778476c75,be8e909810184b9b19e886129149d8e5,2017-10-09 13:49:19,44.99,9.94
37c8cbbb816470ceb8a3026653cf3d3c,1,3ac52f93c2299daa201fbb7ff36546f7,7e3f87d16fb353f408d467e74fbd8014,2018-03-08 02:10:01,43.89,25.63
385408894abaef5ea2b48046ca02f823,1,aadff88486740e0b0ebe2be6c09476ae,da8622b14eb17ae2831f4ac5b9dab84a,2018-02-22 02:47:43,29.9,15.1
38ac62af1b354671501c9bbfc55bf187,1,bac35584a4b6413380a74f9617e12379,8444e55c1f13cd5c179851e5ca5ebd00,2018-02-22 01:53:24,271.25,15.63
38b80ac02e3ce34b306483fc57a33bc5,1,b09790edda54333116f9cf1decc580a1,d2374cbcbb3ca4ab1086534108cc3ab7,2017-03-30 15:34:47,24.9,10.96
39a70e9e9b729b11dee34ac12478597f,1,1d3ecbda18167c766a3381fd16108e4a,dbc22125167c298ef99da25668e1011f,2017-08-22 21:44:13,108.9,20.0
39c438f2a835b25cd51bbd1bed5d089e,1,a0adc3041e9917104f3fea4ba995adcb,2addf05f476d0637864454e93ba673d5,2017-12-26 23:30:12,319.0,25.61
3a73a24fa6a0d8ffd462fb4bb62e66fc,1,7041ae473941c8270e3a0f3cf73a379f,004c9cd9d87a3c30c522c48c4fc07416,2017-12-26 17:36:30,139.9,16.61
3a97b29009aa1ec54a67fd256b762b14,1,34eb0685663d60e57a9ca086c8e33423,048c2757535328e0d7dac690ad3c0aae,2017-08-11 17:03:29,199.7,18.65
3b1bf20520476dc7b150dd52f521e525,1,095cb863f2b04911455ad33f5177062e,2059c39f76271d4ca3f15b5ffaccc8b8,2017-06-01 02:25:18,53.9,16.14
3b9de7cf25713aac3ab7e5cc48d83983,1,b4fc7e84dcaf2fcf3edb234e30362929,c3867b4666c7d76867627c2f7fb22e21,2017-07-27 10:55:11,115.0,20.05
3caf6c286c8cde37ea9c0fb2da0e3169,1,550299c725cac9511da2b6f40543270c,609e1a9a6c2539919b8205cf7c4e6ff0,2018-06-14 05:15:58,7.9,22.06
3caf6c286c8cde37ea9c0fb2da0e3169,2,550299c725cac9511da2b6f40543270c,609e1a9a6c2539919b8205cf7c4e6ff0,2018-06-14 05:15:58,7.9,22.06
3caf6c286c8cde37ea9c0fb2da0e3169,3,550299c725cac9511da2b6f40543270c,609e1a9a6c2539919b8205cf7c4e6ff0,2018-06-14 05:15:58,7.9,22.06
3caf6c286c8cde37ea9c0fb2da0e3169,4,550299c725cac9511da2b6f40543270c,609e1a9a6c2539919b8205cf7c4e6ff0,2018-06-14 05:15:58,7.9,22.06
3caf6c286c8cde37ea9c0fb2da0e3169,5,550299c725cac9511da2b6f40543270c,609e1a9a6c2539919b8205cf7c4e6ff0,2018-06-14 05:15:58,7.9,22.06
3caf6c286c8cde37ea9c0fb2da0e3169,6,550299c725cac9511da2b6f40543270c,609e1a9a6c2539919b8205cf7c4e6ff0,2018-06-14 05:15:58,7.9,22.06
3d4bfa3de7e617f61d1ee3c87e95b204,1,87aff1d9a5e94db6840c5b963a5cef90,530ec6109d11eaaf87999465c6afee01,2018-06-05 09:52:14,135.0,27.68
3d5857f4fdb1061d247dea2544782580,1,2b6726ab177dc4ec000e5fcfc6926cf2,e7df4cd29ab5abab70fb0783ddb53987,2017-10-31 15:14:19,339.0,10.57
3eb08a4c95b522bed075ec059ad858ab,1,fcf6ad274391aea29f5d6e5ef9da5050,5cf13accae3222c70a9cac40818ae839,2018-08-12 22:15:22,89.7,13.34
3eb08a4c95b522bed075ec059ad858ab,2,bcf64c2356ded745b81b4348a8a763e1,5cf13accae3222c70a9cac40818ae839,2018-08-12 22:15:22,89.7,31.77
40ebc9d21ae5f5d7dfd398f87e63f455,1,fd0c762860528d119344e1377b574fc5,4371b634e0efc0e22b09b52907d9d469,2018-03-16 17:10:50,50.0,7.39
40ebc9d21ae5f5d7dfd398f87e63f455,2,fd0c762860528d119344e1377b574fc5,4371b634e0efc0e22b09b52907d9d469,2018-03-16 17:10:50,50.0,7.39
42769a5163a34297f4458dbccf206b36,1,7fda46e6f8996ebe3acf684cca0124c2,3b15288545f8928d3e65a8f949a28291,2017-09-01 16:55:19,99.99,25.54
44259226d73d340f929777553ecf199b,1,def080e33b38a4c756347d4665b40a7f,ba90964cff9b9e0e6f32b23b82465f7b,2018-04-05 14:27:02,299.0,23.17
454b6ccf9f8f2c12b3a00ee763e027b9,1,c784aabc6d8366b8fd85eaf9631cf96f,671585f5a2af58b6e276bc01003c0d2b,2018-08-22 12:10:26,45.0,15.42
45881387721786e660460cd8bfcb2010,1,5c61329e1b7e18310bbc294c17cd47bb,caa9bc43a9fe8cf9c564ddd8a03cc4a6,2018-04-23 14:11:40,89.99,37.32
479715da59efdc67c1722f985a94d18c,1,462ca84097e3116f8dc7642fb057b4b2,85d9eb9ddc5d00ca9336a2219c97bb13,2017-09-11 02:31:38,27.9,14.1
4abd25ff34f0b324cadc39a6529b05c8,1,4b5df063d69ffafb87c279672ecb4191,1f50f920176fa81dab994f9023523100,2018-04-04 21:35:16,49.9,32.85
4abd25ff34f0b324cadc39a6529b05c8,2,afbe1e973aefbf72a330e3bc72d4b476,4a3ca9315b744ce9f8e9374361493884,2018-04-04 21:35:16,68.9,13.14
4c074254980764fecff977c97ce88c4d,1,9aa9caee155847cddb376a05b9a39791,ea8482cd71df3c1969d7b9473ff13abc,2017-12-18 11:28:54,29.99,11.85
4cddfa3db1f20697139ba4a46c4fd399,1,3db75f31b76375c502f64d550dcd1166,85d9eb9ddc5d00ca9336a2219c97bb13,2017-07-27 19:15:09,31.9,15.79
4cdf8813fc5f4c3d74041453f606868c,1,ba230fc7bcaa2f503c46d73098caeb66,13d058e4eeac2ce8217660b2f8a05812,2017-10-17 11:26:55,229.99,49.28
4ce0d39282d4d45834a51b1ca7fbb311,1,dab2413ead0edda9967edbc9bda2a64e,ea8482cd71df3c1969d7b9473ff13abc,2018-02-07 09:31:09,29.98,11.85
4cea4082bde3d6f0846e8a5537f3eeb4,1,c708ba7c6269161f89ce0683cdd7c432,6560211a19b47992c3666cc44a7e94c0,2017-12-14 16:13:19,49.0,7.78
4cf6bc9c5e6ff30151bfb6f92f791b28,1,17e7d9a179f3f2d61223252038276d35,dbc22125167c298ef99da25668e1011f,2017-06-29 20:55:08,49.9,26.89
4d34da0824213ee7962a5c5ed32b3f51,1,02475368dfb38934fe55f574024fe1d7,6560211a19b47992c3666cc44a7e94c0,2018-02-15 17:30:40,29.0,7.78
4ed3b57567c08a15c71665d759230b6f,1,bd6e6fce9ada76ea2db0f1912e8e478f,1835b56ce799e6a4dc4eddc053f04066,2017-12-15 01:50:03,56.99,16.16
4f62d593acae92cea3c5662c76122478,1,94cc774056d3f2b0dc693486a589025e,1da3aeb70d7989d1e6d9b0e887f97c23,2017-07-24 23:23:26,13.99,7.78
4fab84dd561f10bb9c98293f34d749fa,1,386eebb43722ab502f04f7900bd2451b,8b28d096634035667e8263d57ba3368c,2018-07-06 12:31:30,57.9,18.51
5001ef7f5cc08023f39a4f6b7c09b5f5,1,ff9a23dcd6b233811bd2a7be174a8e4c,ececbfcff9804a2d6b40f589df8eef2b,2018-05-20 22:55:46,82.0,13.01
51879b7474407f56048b6c36cc3e263c,1,581de99ffa609d5f7b841f0d81df3f2f,e8b4225284fbb02d16f200513f1f395d,2018-07-29 22:15:07,185.49,37.38
51c064ec2d79d398b30db3f8e1de8ec8,1,b6d96e7683a87fc151ea589ce97a330d,2709af9587499e95e803a6498a5a56e9,2017-05-11 02:25:24,20.0,18.63
53b48de8c162b1a00ace27c3c0a9b148,1,71a5f1c2a5fd9889ef26b5ac22aec9c6,537eb890efff034a88679788b647c564,2018-07-25 17:20:33,24.9,15.27
540544251975ba4515aebe0ac8525067,1,fb29f48bfea41db52e349454f433340e,897060da8b9a21f655304d50fd935913,2017-06-23 11:10:18,22.0,15.1
540544251975ba4515aebe0ac8525067,2,fb29f48bfea41db52e349454f433340e,897060da8b9a21f655304d50fd935913,2017-06-23 11:10:18,22.0,15.1
544bad401327a8f0de6786c7ccd73c8b,1,f38c674135b439b1d2deb1d68da9f4e6,a36b125ac6d5fdbc7f50de85c9157bdc,2017-05-05 20:00:07,249.99,13.14
546c8958ff67b28473cf140ec32a5a91,1,b24af8bca8813bcde4140ff8562f5e47,ea8482cd71df3c1969d7b9473ff13abc,2017-11-29 22:56:18,43.99,16.79
546c8958ff67b28473cf140ec32a5a91,2,cb0c2c97fb2fca149a11c2f14027895d,ea8482cd71df3c1969d7b9473ff13abc,2017-11-29 22:56:18,24.99,16.79
558731462aceb9588378c7c19194d2db,1,9c5cec867c62c0ec4674b002eb1c3e0c,e882b2a25a10b9c057cc49695f222c19,2018-05-16 14:16:26,1054.0,35.96
5620e57611d71ee82bf1b40183f57bdf,1,e84bf31698e5842d605c5aa9cfc8b02a,4e17c65a516f69d023a2ae78b84f28d6,2018-03-06 10:30:56,14.5,11.73
5620e57611d71ee82bf1b40183f57bdf,2,e84bf31698e5842d605c5aa9cfc8b02a,4e17c65a516f69d023a2ae78b84f28d6,2018-03-06 10:30:56,14.5,11.73
56430e0b9968b381942760e433583b27,1,e282624d8c82e04983f125e167eb4521,2138ccb85b11a4ec1e37afbd1c8eda1f,2017-03-08 07:35:17,18.99,14.11
5662e7f8bbc6abe55e104ac06994a731,1,3ddc568a05383c2f24b4d47d1b41f819,6d22a1fcebb6dd08c9cd90b92a93e8d0,2017-10-06 12:07:21,40.9,16.79
573cdc3b8d7f43d865aba5fbbc888802,1,f2610c932aaabc3eb24c3512b498a838,f680f85bee2d253556ac91be391d2c82,2018-01-18 15:30:30,59.9,16.67
573cdc3b8d7f43d865aba5fbbc888802,2,f2610c932aaabc3eb24c3512b498a838,f680f85bee2d253556ac91be391d2c82,2018-01-18 15:30:30,59.9,16.67
578daeebdebcc19bd2dcba1f6b06b3ce,1,cac9e5692471a0700418aa3400b9b2b1,7ea5bfa6c340f58f8e71fc1f0412b0d6,2018-06-06 19:17:23,99.49,8.81
5ad066b6e468fcd60b0d871bfa99112a,1,aede48631330269f65a8d680de491657,dbc22125167c298ef99da25668e1011f,2018-01-26 15:18:30,99.9,19.94
5b649740381032adc79831802d8d221a,1,a60613d36f37a7b27d3344f40f6a7945,ad420dd0c4f92f8af951ac24b86d0cf5,2017-11-13 04:31:45,200.0,31.2
5b649740381032adc79831802d8d221a,2,9091499533100191c6b89d09e43445e8,ad420dd0c4f92f8af951ac24b86d0cf5,2017-11-13 04:31:45,19.99,0.05
5b7aed674843fc9b20d1c4cef543a761,1,115e606ac8059e4cfa1c6c3310fb365c,1838dd9b8977065acf51d95e0053ea7a,2018-05-17 03:50:17,39.9,19.32
5bb8d2fbca419676d395687e28f5263b,1,7f72a8900b3d2fc8fa2635b7836d6e6e,7299e27ed73d2ad986de7f7c77d919fa,2018-07-16 14:10:14,64.99,22.39
5cc6d864fa9e1a90eaf5207737549ffc,1,08574b074924071f4e201e151b152b4e,001cca7ae9ae17fb1caed9dfb1094831,2017-11-13 20:06:58,99.0,33.08
5cc6d864fa9e1a90eaf5207737549ffc,2,08574b074924071f4e201e151b152b4e,001cca7ae9ae17fb1caed9dfb1094831,2017-11-13 20:06:58,99.0,33.08
5cc6d864fa9e1a90eaf5207737549ffc,3,08574b074924071f4e201e151b152b4e,001cca7ae9ae17fb1caed9dfb1094831,2017-11-13 20:06:58,99.0,33.08
5cf925b116421afa85ee25e99b4c34fb,1,c6dd917a0be2a704582055949915ab32,7a67c85e85bb2ce8582c35f2203ad736,2017-02-22 15:48:35,79.99,26.82
5d1aca6ae03324b5398c241b3b402be7,1,c1dfd7dc17df380ed269d0fc905f6e22,4830e40640734fc1c52cd21127c341d4,2018-06-13 14:02:11,49.99,11.15
5d9fde36e9b14f9c646577bb073b1486,1,437c05a395e9e47f9762e677a7068ce7,bf84056e679dbe9c69929847a40e338f,2018-02-28 02:10:26,46.33,7.78
5d9fde36e9b14f9c646577bb073b1486,2,437c05a395e9e47f9762e677a7068ce7,bf84056e679dbe9c69929847a40e338f,2018-02-28 02:10:26,46.33,7.78
5f4942fc3a59f2e62ae534f981105954,1,1937b3e587fc766c8d1cef0c11c6aa53,670c26e0f1bf8d0576271d5cfaec6d2b,2018-03-07 08:29:07,45.0,12.48
5f8772295e1adb4e4832c988d6b631b6,1,1e618d311a1b7f88a9d96ec50aa85582,d94a40fd42351c259927028d163af842,2018-03-22 10:28:37,129.0,70.89
5fe9874b96028c851e35c1c28aede4c2,1,eab67bf937aaadc19f83383a331d2dd9,7c67e1448b00f6e969d365cea6b010ab,2018-01-26 14:51:23,149.99,17.78
60218eecf87eaeb58657769f328f2726,1,ff9fa77f938462abd16b53c0d934099f,c3cfdc648177fdbbbb35635a37472c53,2017-09-12 12:15:15,119.9,16.6
636f0241ddc83a3b9e37a8088167bd45,1,deecc62b2db3d87ff4d9fe364fead01f,403aa86912527d730337ffcb0fb096ab,2017-10-26 18:33:27,274.99,15.67
654236657c61378a35416f08170ff0ad,1,73c61364b22d14eac780a200b81d34c5,ea8482cd71df3c1969d7b9473ff13abc,2018-02-22 18:50:23,28.99,11.85
654236657c61378a35416f08170ff0ad,2,73c61364b22d14eac780a200b81d34c5,ea8482cd71df3c1969d7b9473ff13abc,2018-02-22 18:50:23,28.99,11.85
65a9d3006386a380f4b594577a01cef0,1,2a5806f10d0f00e5ad032dd2e3c8806e,7c67e1448b00f6e969d365cea6b010ab,2018-01-30 21:51:29,169.99,45.65
65a9d3006386a380f4b594577a01cef0,2,2a5806f10d0f00e5ad032dd2e3c8806e,7c67e1448b00f6e969d365cea6b010ab,2018-01-30 21:51:29,169.99,45.65
6699d7eb202a80ad0dd024134fe5ed60,1,651fe753ea1d6ad3d5744c1bffd3d6e1,7178f9f4dd81dcef02f62acdf8151e01,2018-01-24 00:29:16,19.9,16.79
67b50899f52995848c427e361e10dde3,1,a91c1a94d83d36316c44e00e738607b1,634964b17796e64304cadf1ad3050fb7,2018-06-20 21:36:59,90.0,18.43
699b7692e65138e6874b4c6f42202974,1,c92a8559445ec8f63ecf90c7dd910b7d,f419677537694f0462a91990df6ca44f,2018-03-14 16:56:24,55.9,15.27
6b751a27edaaa33537b2e893d7fd18ce,1,b5034cecd2d602fcc8175e8fe0988a3d,e21a1e8be4715b0fcfd5385643bc49c4,2018-02-08 18:15:32,29.9,15.1
6c27984bddb654e222cd1b9a238d2e74,1,c18ac1d6cc053c0ec7296b994ae6ffeb,86ccac0b835037332a596a33b6949ee1,2018-05-23 04:54:43,35.9,19.32
6f6785dde266434130a2aa8af06a52b7,1,35afc973633aaeb6b877ff57b2793310,4a3ca9315b744ce9f8e9374361493884,2018-06-13 12:30:21,84.0,14.68
6fd39a1adde54d0a5e6fe5ddc6c8784a,1,0f3f3612d3a594da318f0f7b175a9c14,93dc87703c046b603023e75222018b45,2018-04-08 21:28:58,199.0,16.27
717b5830932c155c67ba3232934a93c5,1,d4e19eb1e5c5d6194af618d3a67de4e6,b90e891671cffd9557f33a97dc523645,2018-07-26 15:04:05,140.0,19.08
72c81a6a9dcf354f87393c361caa13ce,1,8e7a3ee016b12c87b5e3e7e717620758,955fee9216a65b617aa5c0531780ce60,2018-07-24 15:50:12,150.0,16.35
73287734c7b95e805d54a35d062627f2,1,154e7e31ebfa092203795c972e5804a6,cc419e0650a3c5ba77189a1882b7556a,2018-03-12 02:35:26,23.99,15.79
7645406942825a748f5db38c177b0a5e,1,cad2db5e318d7283a234c517b2f28a42,8160255418d5aaa7dbdc9f4c64ebda44,2018-01-15 22:10:41,105.9,16.5
76ae7f8d0104f4808d4a93f4b81661d7,1,c5e31bcea566d7f28ebc011e9fee182f,1835b56ce799e6a4dc4eddc053f04066,2018-02-08 13:20:32,48.0,11.85
778d960ed98fe278fca42ee20d002b1f,1,53759a2ecddad2bb87a079a1f1519f73,1f50f920176fa81dab994f9023523100,2018-05-10 16:30:26,53.9,10.13
77e4da3755c479aac3d6f7f2a5e94516,1,cd46a885543f0e169a49f1eb25c04e43,710e3548e02bc1d2831dfc4f1b5b14d4,2018-02-19 14:07:58,99.99,14.43
7b4cc813e327ec14c78f547a763f46b8,1,e940125d0a3c309f58f41cd21e39af06,6039e27294dc75811c0d8a39069f52c0,2018-03-15 16:29:55,369.9,29.45
7deb5565bced95f67ceac6f5dc57d4f4,1,9f1c3e71d56894398a42b050b07f1baa,92eb0f42c21942b6552362b9b114707d,2018-01-26 17:37:02,12.77,7.78
7e09cc861487709e81e6c729d2635208,1,e29639a91419ddf0c1d6c80fb3bae01f,2dee2ce60de9709b1a24083217181a1f,2017-12-11 13:53:37,54.9,35.7
7e28a3542ea8306e42298ea3718222ee,1,0fce35c0b7338bda3e52e2389f0c0762,391fc6631aebcf3004804e51b40bcf1e,2017-12-21 16:53:45,149.98,17.76
7e4d4a50dc999bcf59d2e055db0f4b37,1,6bd248f93425ceeb625a8a97e2404112,dbc22125167c298ef99da25668e1011f,2018-01-12 01:39:20,59.9,19.66
7f922477f06db4ab69f6f173f439088e,1,c319f453652bff80bc8f9f71d87e56c1,f680f85bee2d253556ac91be391d2c82,2018-06-14 22:12:17,34.99,8.29
80000ae9d118d79953522e35cce34f13,1,a95c77f369c8486c3ca5d101c49be836,30a2f535bb48308f991d0b9ad4a8c4bb,2017-03-03 11:45:10,49.9,10.96
80000ae9d118d79953522e35cce34f13,2,a95c77f369c8486c3ca5d101c49be836,30a2f535bb48308f991d0b9ad4a8c4bb,2017-03-03 11:45:10,49.9,10.96
825c221a4e981f278e9c5ec6ead83a3f,1,f8b09faf273ab8c2cb4209378253f56a,431af27f296bc6519d890aa5a05fdb11,2017-07-05 23:23:28,73.9,13.54
82b1c20e33da405ba22cded4ff91d160,1,ba5fb4ab9cd70d201b74b5bad9d4ca00,562fc2f2c2863ab7e79a9e4388a58a14,2018-02-18 22:27:43,24.99,7.78
8304f049f874798b19276d475a0b1851,1,7ce94ab189134e2d3c05f496d635419c,8b321bb669392f5163d04c59e235e066,2017-12-13 23:54:39,13.65,14.1
832c61671b530bdc7d56880581bc2146,1,98b22c1129886cbd7fcae69d1c93e442,da8622b14eb17ae2831f4ac5b9dab84a,2017-09-18 17:15:18,89.9,13.65
848e76f65aa5d3843c356d8a68dfa5b5,1,781afe929e3016a667f5f439afd55fce,08633c14ef2db992c11f840f04fad4cd,2018-05-09 16:29:22,107.7,18.63
84d1f58195cae334b50f9088b38b3495,1,5929e483b6df44414c047cac38873fe6,aaed1309374718fdd995ee4c58c9dfcd,2017-05-07 22:33:38,42.9,15.56
853927b32b0ebc007ece729a314338cd,1,f8b624d4e475bb8d1bddf1b65c6a64f6,b410bdd36d5db7a65dcd42b7ead933b8,2018-01-31 15:58:13,179.0,35.05
8628cf35f313fe2e46a2168f21860031,1,dc404a1496a08f9f5540c8b5d4b92925,46dc3b2cc0980fb8ec44634e21d2718e,2017-11-23 20:06:49,299.99,34.55
8906cb0ae3ccbd4613940de05579b218,1,f068148c48720c66b21825e2c558d493,1b7e5006cb25dd23ce8686691013b121,2018-02-18 21:35:30,163.0,8.4
8a2d731a57d62d23bbf9556f80343140,1,87d780fa7d2cf3710aa02dc4ca8db985,da8622b14eb17ae2831f4ac5b9dab84a,2017-06-13 02:45:28,99.9,13.72
8b50d4c9560cac1625c6fd9f536fc780,1,1b01cabd433131aec917576c347f0dbd,2bf6a2c1e71bbd29a4ad64e6d3c3629f,2018-05-02 21:30:24,1700.0,30.87
8bca89b4311c48e6e6a22acd5cebd242,1,055019def765ce08da9fac0585e927c3,013900e863eace745d3ec7614cab5b1a,2017-03-31 18:55:14,77.0,15.84
8bfc859f734def7a579d24fe9b618da3,1,f348ae21168771dfd5b8081e387b4f6b,4830e40640734fc1c52cd21127c341d4,2018-08-21 03:09:40,23.0,22.09
8d23fb4e17833d8bf866d3ae3481a3cd,1,3a362c0e7f9a69276e2d95869a3e143b,c70c1b0d8ca86052f45a432a38b73958,2018-07-30 11:23:57,110.32,15.87
8d23fb4e17833d8bf866d3ae3481a3cd,2,99563e23b641c8a43e04e528c10002e9,c70c1b0d8ca86052f45a432a38b73958,2018-07-30 11:23:57,110.32,15.87
8ef3801f58da6b652a3082e1fa5b6589,1,0c71252f37443403376d2008034a7240,f5f1f2c5f923f36ad79ea1d07185ddc9,2018-03-15 09:30:30,115.9,13.25
8fad1f3654133d30218cd4b6fae827ee,1,42a2c92a0979a949ca4ea89ec5c7b934,813348c996469b40f2e028d5429d3495,2017-06-22 11:45:18,59.9,13.44
904d1d3bf21a8c56e931f8ac05d284c6,1,0dce093fc7ec4dec214256df878e3c08,6560211a19b47992c3666cc44a7e94c0,2018-07-19 07:31:30,145.0,19.12
9292a5004e4adeb999700abae47eb13b,1,c2fb73db15e28aa021dcf7b2856fef27,adbc26658d6c7b4b6219f9d934598091,2018-06-07 14:57:32,109.9,34.31
92f4f749aa508d58dee50d9ccdb6c9dd,1,27287c7af954c885df547dcf11fa77a6,709e16e2b25c7474d980076c6bfc4806,2018-07-18 07:45:08,43.9,18.41
943dc313319b98a46f1aa70d59b68715,1,ee0324bc19887939d7d0fcfca68ee955,0241d4d5d36f10f80c644447315af0bd,2018-07-03 12:10:03,99.9,98.74
943dc313319b98a46f1aa70d59b68715,2,236fdb1c273caaa9a7dbff8111e6a4e1,0241d4d5d36f10f80c644447315af0bd,2018-07-03 12:10:03,297.0,98.74
95de62498e177002f6ef1949e2e788ea,1,371fa349d92646bbeea5873df0bcdc5a,4830e40640734fc1c52cd21127c341d4,2018-02-14 20:32:16,39.0,15.11
989829039549b9b62b547646ee72c034,1,ec2d43cc59763ec91694573b31f1c29a,1c129092bf23f28a5930387c980c0dfc,2018-02-22 18:50:25,45.9,9.34
99316aecfb3e31190e43714f7643a49b,1,541ff1bb76a9502be425895dc6726d1b,efcd8d2104f1a05d028af7bad20d974b,2018-05-15 22:57:24,39.99,12.79
99dde9a4d6ee5c602380551b002ddad7,1,c7a94c6dde9d81dc864941084dbdfe45,8f2ce03f928b567e3d56181ae20ae952,2017-09-11 13:10:12,85.9,20.09
99f10393ec3328b3b416a154afd5d714,1,53759a2ecddad2bb87a079a1f1519f73,1f50f920176fa81dab994f9023523100,2017-07-26 00:45:20,59.9,17.67
99f10393ec3328b3b416a154afd5d714,2,53759a2ecddad2bb87a079a1f1519f73,1f50f920176fa81dab994f9023523100,2017-07-26 00:45:20,59.9,17.67
9dabd200c58f609f380ecd1e44898086,1,b5a3bb1341d217322573b76c03d7b81e,12b9676b00f60f3b700e83af21824c0e,2018-06-21 21:24:02,238.0,22.97
9e711ba681b09da30750ac0fe7a0cc3b,1,30cd699c7958f8352c9f479572eb66ad,7178f9f4dd81dcef02f62acdf8151e01,2017-10-11 15:35:21,29.9,16.79
9eaec2635ebf99416ead21c62ef53f67,1,b17a4e7b997ea645dd323bb1bed802ac,c0f783394e37cd9c9d7f5f81141450fa,2017-12-19 17:31:10,49.9,15.1
a162da83b66ff8c619d83b87c1de93b9,1,3c0c25556095f68ed9d05df570c9c587,880eda903e719a5f179f7e9fceb3a69d,2018-08-13 14:44:55,249.0,42.72
a1e393fb70c2916de4f93974682521a0,1,9219ce85918a5d26bca1a6fddf3a1402,6cd68b3ed6d59aaa9fece558ad360c0a,2017-04-05 21:45:15,57.9,14.17
a25b9ed9a3a53f53489c105482625129,1,3cf8d7db7dbaeb28f077151adfc59340,c12b92bf1c350f3e6bf88d3596219c86,2018-06-27 19:21:35,369.0,16.16
a4b276bd4a9eba543ec90cdf29a67308,1,7efd7d1a1a985eae9fecdb134fd657d3,a673821011d0cec28146ea42f5ab767f,2017-06-27 09:05:08,69.9,9.34
a52e6fa2d7c6ecaf73ff5f7f10438339,1,28fd1639ff52d870a3d2c38090d2d902,2199e7fe213c16213bf5d6a7eadc9a5d,2017-02-01 20:09:18,189.0,18.0
a5849d6f70582d4c5217bac6616a45fa,1,b75a056d7d03227c3a3b60e9ccf518c9,3f995f07c49d0d55a99d5c54957f7d81,2018-08-17 03:23:59,59.0,15.51
a5d3eeeb605f6e2ce95e590543148234,1,43d2e0df7224cb1c252c23cf36d597ad,45ba18c210d42734ec52c0c1c574e9ee,2018-05-17 22:13:44,157.89,12.44
a5dfe2f94a7c8cb55a435a6ed9fc2c12,1,7c1bd920dbdf22470b68bde975dd3ccf,cc419e0650a3c5ba77189a1882b7556a,2017-05-12 11:25:53,64.99,11.06
a67f04f0a3022835f86664a0070fe36e,1,9fc0c73ce4d0eaaead44e81eeefebeb0,c3867b4666c7d76867627c2f7fb22e21,2017-07-25 07:10:12,68.0,15.23
a6f118bcb8721211afbb36e4a1e63610,1,b64f2210138a8d97888314420d066b5e,2ff97219cb8622eaf3cd89b7d9c09824,2018-08-20 11:30:45,199.9,12.42
a711032f5b2df3b039238b1a273076b8,1,300469628605afcf5cc9759fb4cffc02,aba1721a889e04decc910aa13b768ef4,2018-04-10 18:15:19,149.0,22.75
a7b984cb7dba04216ef3408f9fdc724f,1,4aaa2ddc43f64a2db232b71fc4639064,6039e27294dc75811c0d8a39069f52c0,2018-02-23 20:35:26,129.9,28.27
a820e4b8830258a148d161ba6d8bf419,1,a009a84a95de59e574851aef710ee0f3,d91fb3b7d041e83b64a00a3edfb37e4f,2017-06-19 15:10:22,26.0,16.11
a95f8f8384a13be626e06154468a9200,1,0a4093a4af429dc0a9334300e5c13ae5,da8622b14eb17ae2831f4ac5b9dab84a,2018-02-16 09:36:14,29.9,15.1
ac8b3ecc5daa5b2d54a81b3ba337bf6f,1,28fb90993dc41cc9bd28407d44c581ca,50c9975695009e5e6473912e83a6d1da,2018-03-01 03:20:27,36.0,23.15
ac8b3ecc5daa5b2d54a81b3ba337bf6f,2,28fb90993dc41cc9bd28407d44c581ca,50c9975695009e5e6473912e83a6d1da,2018-03-01 03:20:27,36.0,23.15
ad9259e8a14df6ee75201925f28d4a8f,1,cec09725da5ed01471d9a505e7389d37,4d6d651bd7684af3fffabd5f08d12e5a,2017-09-06 04:32:07,69.9,16.12
af85e6e8c9f67f653b51429df7839001,1,d9545b3e8df3155bca5b302d0f7c3c1c,5b8154610ebb21fb90eb587365e673df,2018-03-12 14:35:46,327.49,37.42
afc164a698c08de061cc7173650121fa,1,03e4e6709b7d6415746769c0bc3e9131,406822777a0b9eb5c50e442dd4cd3ec5,2018-02-23 14:47:26,59.9,17.67
afd1ca4a245a9a04d0f8d5dc1ccb7ed3,1,6d07236d4abe99b5b1cbf368971bf6e7,01fd077212124329bac32490e8ef80d9,2018-04-23 13:51:07,39.0,18.23
b0200f320613faea21c999a90efa28ab,1,336090aa9bdfdc02b01b154b2d0abda2,b499c00f28f4b7069ff6550af8c1348a,2018-02-15 18:15:41,59.99,9.94
b1d045cd447d2961b72e0d67c18f5d94,1,03bb06cda40712fb8473f7962fb7d198,da8622b14eb17ae2831f4ac5b9dab84a,2017-06-12 21:55:14,129.9,16.54
b2b86f50f1d5ec8763fc9fc6894ac6c4,1,75fc57fb06b1d35ea433e16ecbf5a6bb,8b321bb669392f5163d04c59e235e066,2018-08-03 20:15:21,14.9,7.39
b2e5be9642d390480c19fbc80e533de6,1,98712b7f46e0fe4f4da2f7df1b9231a7,7299e27ed73d2ad986de7f7c77d919fa,2018-04-20 14:31:22,50.0,18.23
b3e2b81932a8bc32dfffd128937c3c5e,1,952670bc019a73f0933157ec82ff6e4f,37be5a7c751166fbc5f8ccba4119e043,2017-07-12 17:20:14,205.0,15.04
b4c45d4cc2a2e24e10d4e20bae928819,1,cadb69af336c16aba5c5223599821245,8b321bb669392f5163d04c59e235e066,2018-03-12 03:49:33,13.65,14.1
b5eb3252f8e5ded7044d176ed49e2ecb,1,e4d325bd1eea550509bdbbc5c3301fc1,8444e55c1f13cd5c179851e5ca5ebd00,2018-06-25 17:35:10,429.0,39.69
b62490833ad4da4f0f696c9358737651,1,2196663031bcde078cede855ac0b5739,c9c7905cffc4ef9ff9f113554423e671,2017-11-07 04:30:15,65.0,25.73
b68a52eb0d8bcd5f784a5f95b98a6cf6,1,af79ac70de9a79b9c1c85ee0880c7206,dee656f0f566ed1aa85bd137c943f08f,2018-02-08 10:40:37,105.0,27.27
b89601b4491425014432a96e02034092,1,61509eaebb2d4bd1a7511b1a75703f8c,cca3071e3e9bb7d12640c9fbe2301306,2018-01-25 09:07:45,24.9,11.85
b8fba4dc6ff421731ed01f46c701084a,1,4a25d757ff72fad7534f478c90be77e6,92eb0f42c21942b6552362b9b114707d,2018-01-17 03:08:40,12.98,14.1
b9a6c5f5df52c7226ac85aee7524c27f,1,176b54e1ca47c0ec2bc2e298a76adf9a,ececbfcff9804a2d6b40f589df8eef2b,2018-06-14 20:30:32,99.0,18.79
ba16a6de753feb4dc0a6716cc3ddf951,1,462646c1c1495199e63684d79e6e0d1b,891071be6ba827b591264c90c2ae8a63,2018-02-15 18:30:25,34.99,17.63
bb102364b6a29f9f8683f21e5825595a,1,9c8d68903b5106018c797e0e862ae55d,8b321bb669392f5163d04c59e235e066,2018-01-24 10:31:31,12.3,7.78
bb95c9f509ff2da87b6015a0d9046f0f,1,c06d2c20b8ddf6d40c23294a6e361c78,a416b6a846a11724393025641d4edd5e,2018-05-14 04:15:29,144.0,15.1
bcaa7f7240deb32b0410ee6cc085d9b4,1,dd4bb630f241ce3910d9595b395efeb5,6061155addc1e54b4cfb51c1c2a32ad8,2018-08-15 10:30:19,128.0,8.16
bd34db34f886a82d2f7e9214b6fd01e0,1,3dd2a17168ec895c781a9191c1e95ad7,de722cd6dad950a92b7d4f82673f8833,2018-01-16 20:08:16,159.9,17.0
c000556923c9e9f96eb1121213f153b0,1,2b4609f8948be18874494203496bc318,cc419e0650a3c5ba77189a1882b7556a,2017-12-04 16:31:00,89.99,9.44
c0364ee18a0b18e6da5e7754cf4f4e8a,1,e53e557d5a159f5aa2c5e995dfdf244b,88460e8ebdecbfecb5f9601833981930,2018-02-19 11:47:05,74.9,12.65
c0cb48c270009fc128318b2f9eda3bec,1,da98cf62c7fe9452761e782902ad71a2,d91fb3b7d041e83b64a00a3edfb37e4f,2018-04-26 18:30:46,61.9,18.31
c0e1586eda89047d683b2bc7d902037c,1,15557c53492889a2b63e65df34a738ab,6560211a19b47992c3666cc44a7e94c0,2017-12-18 23:49:55,45.0,7.78
c0e1586eda89047d683b2bc7d902037c,2,380b4664ba5bb18cc9db78ee6bac3558,6560211a19b47992c3666cc44a7e94c0,2017-12-18 23:49:55,29.0,7.78
c263f74f0ce9f6d9e0f4608a22a67dfd,1,ed2067a9c1f79553088a3c67b99a9f97,cbd996ad3c1b7dc71fd0e5f5df9087e2,2018-05-14 09:09:47,56.97,13.56
c4ed5db53397cdd0f24bb4ba48f769f8,1,9c7bdf67b06b419aefb93cfdfc96c55d,e9779976487b77c6d4ac45f75ec7afe9,2017-06-28 22:25:18,15.0,8.27
c5ba516dae0f7c34ba8ad92dad570249,1,3932e37f1f658768ac53fbe680f145bc,4a3ca9315b744ce9f8e9374361493884,2018-08-28 21:15:17,51.9,14.67
c6c17394464f987209982d3f1423f068,1,aca2eb7d00ea1a7b8ebd4e68314663af,955fee9216a65b617aa5c0531780ce60,2018-05-18 19:31:37,69.9,0.0
c6c17394464f987209982d3f1423f068,2,aca2eb7d00ea1a7b8ebd4e68314663af,955fee9216a65b617aa5c0531780ce60,2018-05-18 19:31:37,69.9,0.0
c6c96aae858cf470816e5080de363e47,1,d339b523c298009f15d242a3a99392c7,3d8fa2f5b647373c8620330c4e077a9f,2018-07-23 20:10:18,69.99,14.07
c7af2f59ff42f4410a1739111dbea489,1,c19d5ba108c34b8255cf9a524da92bc4,4e922959ae960d389249c378d1c939f5,2017-06-30 08:10:07,75.0,15.28
c8426a2c3cc5c11e8aa0789c3238d4d9,1,a05f4c1d544848f9ee86f767c9cc0d4f,70a12e78e608ac31179aea7f8422044b,2017-10-22 23:49:08,39.0,11.85
c8c002c98c3b0b4d4136b84f76f635a8,1,6cdd53843498f92890544667809f1595,ccc4bbb5f32a6ab2b7066a4130f114e3,2018-02-02 18:12:42,349.9,40.0
c9abb9f3b4b71b87bfbc5645a02cf8cc,1,89b121bee266dcd25688a1ba72eefb61,2eb70248d66e0e3ef83659f71b244378,2018-04-20 18:30:28,79.9,13.0
c9abb9f3b4b71b87bfbc5645a02cf8cc,2,89b121bee266dcd25688a1ba72eefb61,2eb70248d66e0e3ef83659f71b244378,2018-04-20 18:30:28,79.9,13.0
ca7296a83aa279afb28c2388a4f48891,1,2b4609f8948be18874494203496bc318,cc419e0650a3c5ba77189a1882b7556a,2018-02-15 10:10:17,89.99,12.97
ca786c07fdbcd2a6beb42eab64c23a3e,1,fa3bea10a666ef8afb1557f5e866b719,7c4618c82226628831613e95e9c22f44,2018-03-28 18:09:30,10.49,7.87
cca0fdbe32d86d386a95c02433412640,1,66fb81c8c95a92236d7858a4303dc0a4,4e922959ae960d389249c378d1c939f5,2018-07-03 10:30:46,149.0,22.97
cd24256f456d55df11e3049017c86d05,1,3e4176d545618ed02f382a3057de32b4,02f5837340d7eb4f653d676c7256523a,2017-11-23 17:35:47,142.5,15.76
cd323a618a599ad1cedaeb75d1d5b8fd,1,096b00d9037146606b19d614cd67ab65,66dc1b1632bd6a3e508510c5b3492107,2018-02-15 12:48:04,139.9,15.73
cd3e9759dc483946db2133168746fddf,1,64f905cf518f84bfe0fbcc33bf6f0e9a,7b07b3c7487f0ea825fc6df75abd658b,2017-07-04 11:05:15,159.9,25.67
cd49c5c6f772ac87200f116a7a5499e5,1,72a30483855e2eafc67aee5dc2560482,c3cfdc648177fdbbbb35635a37472c53,2017-03-15 02:51:06,99.0,17.43
cdab66293e2e4ea2b956d8016c5ad97d,1,a4c1d75f5db22319df894cf3f4609b81,66922902710d126a0e7d26b0e3805106,2017-12-19 09:12:24,115.0,17.06
cdb67b9f52b1b7cd79169a5aae48d7c2,1,656e0eca68dcecf6a31b8ececfabe3e8,00fc707aaaad2d31347cf883cd2dfe10,2018-03-19 12:15:42,85.0,13.71
cecccaa359491439461332bbb0dad3d5,1,3dd2a17168ec895c781a9191c1e95ad7,de722cd6dad950a92b7d4f82673f8833,2018-03-06 23:50:34,149.9,56.94
ced669a0f18cc433701f1011449b80fe,1,31d6f0a621ee145ae8c70304cf564483,6560211a19b47992c3666cc44a7e94c0,2018-06-28 18:18:21,35.0,7.51
d32fbb7b9c7d393b293c80e66091ee4b,1,772583ef39582ddf5068eba0296c24f7,e5475dcab1e07b63d7f6e902d8f5eda8,2017-09-14 15:45:19,110.0,20.26
d33a24a5ea67f8f5a06b0a32e53f3acf,1,dcd7a14115098925c83dd54daab99cbd,aba1721a889e04decc910aa13b768ef4,2017-05-23 04:10:25,63.0,15.19
d43d694cf81ca89d8e50c6f3c199f0de,1,a0cb23ea9b98f51407ac7bd1fcd29c2e,7d76b645482be4a332374e8223836592,2018-01-25 16:59:45,19.9,14.1
d4e413e096efb5d9b209b28ac79c62b7,1,be837f2e0152a208d4386f4126d5bd7c,f8db351d8c4c4c22c6835c19a46f01b0,2018-07-02 09:31:19,29.9,11.94
d5d0829757e3f168a603b3c272d96fff,1,ec2d43cc59763ec91694573b31f1c29a,1c129092bf23f28a5930387c980c0dfc,2018-03-13 19:55:32,47.9,24.48
d7ebe26f7b9c7600c40edd2b0edc7afc,1,0ce1e35bdc6af7e582e7ef9363e29b5b,db4350fd57ae30082dec7acbaacc17f9,2017-05-29 03:22:53,15.99,34.15
d7ebfa9a59497087b6f2383f00689fcf,1,3ece1fcd5a64459a4e24143920178f42,77530e9772f57a62c906e1c21538ab82,2017-11-05 23:05:48,49.0,15.1
d8c441318d48082352e8592142db807c,1,0af4dce351fbee7db329f93260f68142,ac6417315ae5da8f9a38ee11de6f7780,2018-02-26 15:30:42,72.5,36.02
d8d8abd9a4aa1b36575678bdf5e9d23e,1,bfebe3af6798e21f14c80263db86b7a0,a888faf2d1baececa6baf9c3d603ee1f,2017-03-19 22:47:16,313.9,17.9
d95c203ba62b39ad3c3a2df8d5e7c052,1,e0cf79767c5b016251fe139915c59a26,da8622b14eb17ae2831f4ac5b9dab84a,2018-03-01 02:30:53,29.9,8.11
db7a9e1d2cbac54cc7ead44f1ae8535c,1,165f86fe8b799a708a20ee4ba125c289,7ddcbb64b5bc1ef36ca8c151f6ec77df,2018-02-22 15:46:57,176.99,15.99
dc078338903735916fab84f036188dcc,1,db858d1d14f31fbf7f38036ac7a3fcf4,4e922959ae960d389249c378d1c939f5,2018-04-27 08:30:51,75.0,12.97
dc15d43ae100ecc5bac78d9e974af643,1,cfb79bfbdaf59cfe2e9ae0a071451f32,f7ccf836d21b2fb1de37564105216cc1,2018-08-22 22:10:19,39.0,13.85
def90fc6c7d21d34a14af3d6e4d866b6,1,192fdd97f716a6c79db0fdb15fadd854,de23c3b98a88888289c6f5cc1209054a,2018-04-19 13:30:40,179.9,9.61
dfa1e5a290276c05629e2d4180ce6aff,1,bf35317e81a1e1477a2256328bce9e9f,cc419e0650a3c5ba77189a1882b7556a,2017-03-22 14:17:40,56.99,14.57
e0043b9e113bdc5f84b14893d62e00ac,1,c6e3c9a59b663e36a8b95b2dde81fa33,5b925e1d006e9476d738aa200751b73b,2017-11-30 04:15:21,159.0,12.32
e06ff711ddcab05c3651a9b1bb003950,1,56b81eaffe3c2e7e54f3bdf2a935164f,391fc6631aebcf3004804e51b40bcf1e,2017-03-08 12:05:49,44.35,17.09
e06ff711ddcab05c3651a9b1bb003950,2,56b81eaffe3c2e7e54f3bdf2a935164f,391fc6631aebcf3004804e51b40bcf1e,2017-03-08 12:05:49,44.35,17.09
e06ff711ddcab05c3651a9b1bb003950,3,56b81eaffe3c2e7e54f3bdf2a935164f,391fc6631aebcf3004804e51b40bcf1e,2017-03-08 12:05:49,44.35,17.09
e19a8635d806af6ae2d20b3de998b0c8,1,9b1689a9d895d266ce7134329b4e905c,f8db351d8c4c4c22c6835c19a46f01b0,2017-10-09 10:51:44,98.9,21.18
e1cbc1e8c3204aaecc891d1392f7b4d7,1,246bb3747799aedac65feef38ac9e734,66e0557ecc2b4dbea057e93f215f68d8,2018-02-14 09:33:23,399.0,17.54
e317f41180b8a6fa3ce86b6fba6ac3fa,1,a8075470f960215ffb67624782f80fec,ff063b022a9a0aab91bad2c9088760b7,2018-06-29 03:31:47,119.0,39.27
e45620eb46de3b95c078fb17e75db83e,1,e0d64dcfaa3b6db5c54ca298ae101d05,7d13fca15225358621be4086e1eb0964,2018-06-18 12:59:44,144.0,19.98
e504f586e9ffc862cad95482af740af4,1,7868a64aa111bbb4f41f8e1146c0becb,cca3071e3e9bb7d12640c9fbe2301306,2017-04-24 19:22:24,59.9,29.35
e68a0761535bd432bb847f4ae7b7b4c0,1,cac9e5692471a0700418aa3400b9b2b1,7ea5bfa6c340f58f8e71fc1f0412b0d6,2017-11-28 17:30:25,129.99,15.67
e6bed0846d5d268bf1ebcf66eab19a42,1,03d10117bf5dbd1e4f194566be73de5a,4a3ca9315b744ce9f8e9374361493884,2018-03-19 22:30:37,165.9,31.81
e6bed0846d5d268bf1ebcf66eab19a42,2,03d10117bf5dbd1e4f194566be73de5a,4a3ca9315b744ce9f8e9374361493884,2018-03-19 22:30:37,165.9,31.81
e6bed0846d5d268bf1ebcf66eab19a42,3,03d10117bf5dbd1e4f194566be73de5a,4a3ca9315b744ce9f8e9374361493884,2018-03-19 22:30:37,165.9,31.81
e6d3b5b66f40a99ac01da49f4c543e36,1,31af99e01af722adb2067b365a311998,4830e40640734fc1c52cd21127c341d4,2018-04-25 07:35:09,79.99,15.44
e750c043ac98c8eb957cb52789f126b0,1,56d45b2c27871322801134f57d1b9dfb,d1c281d3ae149232351cd8c8cc885f0d,2017-02-19 15:18:40,127.99,16.01
e9977cc6d0f97447ef0f4fcc2e082fc8,1,d4fe034cde911805af12724d73fde7e0,dd2bdf855a9172734fbc3744021ae9b9,2017-02-11 10:26:05,69.9,15.25
ea1857c97012fbeb3b4babd5892ebc7a,1,bf7a3359eeb43b9944c70293e4be896a,e4fc40017a6d22c46a14ac2e17f87c3e,2017-06-05 16:05:14,129.0,41.29
ec34ce0f06a9a35ebf0f0496d595bc84,1,316f27506e0f2a39700f801e859576eb,8f2ce03f928b567e3d56181ae20ae952,2018-03-09 19:28:32,99.9,26.78
ece3ab91bd67ba73563dd0468fc3bde2,1,20f160a9cf2e856ee5eba259e9ae33f9,8444e55c1f13cd5c179851e5ca5ebd00,2017-09-15 16:45:36,207.5,36.77
ed8a6e0832d4fbbd240110423cd1b707,1,422879e10f46682990de24d770e7f83d,1f50f920176fa81dab994f9023523100,2017-11-30 05:50:06,49.0,17.64
edc9fcd5f5ab3aa69901aa991026ee0c,1,70d01ae15a5d5ee38388b90c0470d9b0,a3a38f4affed601eb87a97788c949667,2017-06-08 12:35:06,89.99,16.39
edd3d7495d5177045823010a1f6ac22a,1,b60f6bba923daf524e87691951512e1a,acce39e832338debb07b02385cde5967,2018-06-19 18:23:23,79.8,16.75
f00c74caaa25430b1fa361c158e8996a,1,fb10a064e6f5151ebfffc589e166c917,20b54c376b794ed028df09a3cd88e8dc,2018-05-15 19:35:32,137.2,25.09
f05ef3ecdb7796d93e204c0a7ab76759,1,d04e48982547095af81c231c3d581cb6,d921b68bf747894be13a97ae52b0f386,2018-06-07 20:55:41,245.0,19.59
f0cb299a9702d7db4e501895d61d2baf,1,deff29051b7f3eb939ef8bf8ca0e85a2,58e4b302b54937e55a678c4d15111da4,2017-06-14 23:02:39,109.99,12.9
f12ff3c8b8e4945b4d0331a56df6ef85,1,0a8699af8de9f3c25f80fe9b530df153,79ebd9a61bac3eaf882805ed4ecfa12a,2018-04-13 19:29:44,179.9,31.91
f2120851611e040d268c3be41ac51228,1,aa280035c50ba62c746480a59045eec4,fa40cc5b934574b62717c68f3d678b6d,2017-09-20 19:44:16,39.9,7.78
f23a4132d42810c7f591d372282ae3eb,1,181abab3cccc131f868d3bc7a5b97fd0,97e4a63591ca439a2b8b7efd20e6e19e,2018-07-24 17:02:23,69.99,18.29
f33aa647f08ec9623c76b6212be92333,1,aa5d6a9bd4be367ae1a3a29c323c7c11,e9779976487b77c6d4ac45f75ec7afe9,2017-05-30 02:55:37,85.0,15.34
f51cb113ad5e21bc6d8082bc824fb25e,1,eaf3ca98b28c4329251a46380c8473c5,aba1721a889e04decc910aa13b768ef4,2017-02-12 14:36:40,179.0,15.01
f5a1d7fb9cd502618f942b1295676f1b,1,aca2eb7d00ea1a7b8ebd4e68314663af,955fee9216a65b617aa5c0531780ce60,2018-01-19 12:29:16,69.9,20.98
f65681ae52bf95372fcd66c697752f3d,1,41db6d8062fcd38410c699743ccc0265,92eb0f42c21942b6552362b9b114707d,2018-06-22 10:31:01,12.47,7.39
f6806cb575dffe2dd24873502bc0b413,1,93a12c289ca2b78e7069e469f5053ef2,88460e8ebdecbfecb5f9601833981930,2018-07-11 14:10:45,137.9,22.9
f7198d6fd9c02f8d7f7646b213376ddf,1,33ba4b29d820b397054cc97e892ab1bc,16090f2ca825584b5a147ab24aa30c86,2018-03-05 03:35:40,27.9,15.1
f75517cfb973c21eab8559a870263794,1,952670bc019a73f0933157ec82ff6e4f,37be5a7c751166fbc5f8ccba4119e043,2017-07-12 17:18:36,205.0,26.27
f939e2a89376e44158657a15465cacce,1,3eef0cb94ba82de806bb30ab743c7655,7c67e1448b00f6e969d365cea6b010ab,2018-02-12 07:25:32,79.99,22.88
f939e2a89376e44158657a15465cacce,2,3eef0cb94ba82de806bb30ab743c7655,7c67e1448b00f6e969d365cea6b010ab,2018-02-12 07:25:32,79.99,22.88
f939e2a89376e44158657a15465cacce,3,3eef0cb94ba82de806bb30ab743c7655,7c67e1448b00f6e969d365cea6b010ab,2018-02-12 07:25:32,79.99,22.88
f97b2bdfbaca9c2f04722d8cbc8cc8a5,1,054515fd15bc1a2029f10de97ffa9120,e9779976487b77c6d4ac45f75ec7afe9,2018-08-13 18:45:20,43.0,18.4
f97b2bdfbaca9c2f04722d8cbc8cc8a5,2,054515fd15bc1a2029f10de97ffa9120,e9779976487b77c6d4ac45f75ec7afe9,2018-08-13 18:45:20,43.0,18.4
f97b2bdfbaca9c2f04722d8cbc8cc8a5,3,054515fd15bc1a2029f10de97ffa9120,e9779976487b77c6d4ac45f75ec7afe9,2018-08-13 18:45:20,43.0,18.4
f97b2bdfbaca9c2f04722d8cbc8cc8a5,4,054515fd15bc1a2029f10de97ffa9120,e9779976487b77c6d4ac45f75ec7afe9,2018-08-13 18:45:20,43.0,18.4
fa2de0086db43d394d58f69a111f8f69,1,317a06884480d645d7f0bc82455ec277,974cf2cb8f4b7add98709c30df02fe10,2018-06-13 21:53:06,79.99,19.53
faa01b7a24d0ba51d0d0ec652cd9b745,1,5ef336462ba740ddd4727319e26207e6,8bb48dc19fccaa8613b6229bf7f452a2,2018-07-16 03:30:17,41.89,27.24
faa72e2db68f17d71fa5c725cafc53ad,1,b2545dd62c61d45d55ebaa04d1cb1e23,e48b04bf1aa1ef711caebeb7aede6180,2018-04-20 08:51:12,102.9,23.3
fb469bc8a14b598d891a004c34546078,1,2e830c73f28d3b8542af03cf2637dfc4,128639473a139ac0f3e5f5ade55873a5,2017-12-05 18:31:06,19.9,12.48
fb66173878dcc988e4e3e1151901b298,1,afb2faf85bb85d4a5c466c8b7258f5ab,1d8dbc4f32378d715c717c1c1fc57bae,2018-01-31 23:14:27,109.9,18.02
fd117d65267f58ad33d914a3cc317543,1,aeaba104830f91586dae1bff90f54a8a,a44fb5a447105f8469bdf16bf9159f25,2018-03-23 16:13:55,99.0,16.66
fd22bd0610424ec9e62c1d98288b51e9,1,7e0dc102074f8285580c9777f79c90cf,e26901d5ab434ce92fd9b5c256820a4e,2017-03-28 13:08:49,34.9,10.96
ff54c442f3e9f50941a09dcf4e061e6f,1,e41a6ac2f57a273eb0d214c7cbab5db9,a7f13822ceb966b076af67121f87b063,2017-02-16 14:42:14,119.97,29.03
