order_id,customer_id,order_status,order_purchase_timestamp,order_approved_at,order_delivered_carrier_date,order_delivered_customer_date,order_estimated_delivery_date
b9a6c5f5df52c7226ac85aee7524c27f,f160aaf480efdfa7268f0fa535f73e76,delivered,2018-06-12 20:07:44,2018-06-12 20:44:26,2018-06-13 13:09:00,2018-06-19 12:44:08,2018-07-17 00:00:00
261e71d2349c713eafa9f3df5972b95d,d6708bbbd2d419475869a84e41f620a1,delivered,2018-01-20 12:15:57,2018-01-20 12:37:13,2018-01-25 21:42:52,2018-01-30 11:32:35,2018-02-15 00:00:00
67b50899f52995848c427e361e10dde3,1b353c00c71689afba44554e43cc5a76,delivered,2018-06-16 21:24:10,2018-06-16 21:36:59,2018-06-21 13:55:00,2018-06-27 13:17:27,2018-07-16 00:00:00
32733fc014b67ef70fa6039dd8c6ba82,ad66699beab381d0747605f108cc02b4,delivered,2017-08-30 21:12:28,2017-08-31 02:50:24,2017-09-12 20:16:46,2017-09-25 17:53:23,2017-09-22 00:00:00
39a70e9e9b729b11dee34ac12478597f,20c678bfce3c8252288f70dd2bee5e51,delivered,2017-08-10 21:26:25,2017-08-10 21:44:13,2017-08-11 19:11:16,2017-08-22 16:45:00,2017-09-12 00:00:00
80000ae9d118d79953522e35cce34f13,67372e0bce729cebb559886b6c4d9e2e,delivered,2017-02-27 11:33:35,2017-02-27 11:45:10,2017-03-01 11:03:51,2017-03-08 08:51:57,2017-03-20 00:00:00
2bfd14409ba8ba1153ce42b2abc44bb8,9522d39cabd497bd4bc5fb1b226cd5cf,delivered,2017-12-18 17:43:43,2017-12-18 18:52:09,2017-12-19 19:04:27,2018-01-05 13:46:27,2018-01-18 00:00:00
faa01b7a24d0ba51d0d0ec652cd9b745,e6dfd24ec0d6e4e7002fa6dca5bf55a0,delivered,2018-07-10 18:14:47,2018-07-12 03:30:17,2018-07-12 07:30:00,2018-07-25 11:52:20,2018-08-06 00:00:00
06aa0aa8c22027ebb953d501c4238512,dd22f1d0142d9698c0848674e843525c,delivered,2018-04-25 19:43:19,2018-04-25 20:31:06,2018-04-26 14:39:00,2018-04-27 17:37:28,2018-05-11 00:00:00
3762c0ef92b5bc397671e6d7e6d5672f,39bb2424304a318278cf4516500c657c,delivered,2017-08-15 21:32:14,2017-08-15 23:30:19,2017-08-17 18:47:31,2017-08-22 22:42:13,2017-09-12 00:00:00
4fab84dd561f10bb9c98293f34d749fa,1c141ff3d234a4ea775feaf7d0024a59,delivered,2018-07-03 12:04:03,2018-07-05 16:32:43,2018-07-05 14:25:00,2018-07-11 15:24:32,2018-07-27 00:00:00
e6bed0846d5d268bf1ebcf66eab19a42,2110656d0356c5d1d3c7f1c7bce0e319,delivered,2018-03-13 22:21:03,2018-03-13 22:30:39,2018-03-14 20:15:50,2018-04-19 17:57:33,2018-04-05 00:00:00
e45620eb46de3b95c078fb17e75db83e,a539b9d6f9045415d847df7fd525d2bd,delivered,2018-06-11 12:41:01,2018-06-11 12:59:44,2018-06-15 16:32:00,2018-07-11 19:27:47,2018-07-24 00:00:00
8906cb0ae3ccbd4613940de05579b218,fd5ddf911dca5e102a4856a2ace88a09,delivered,2018-02-12 22:25:07,2018-02-12 22:35:30,2018-02-19 23:39:37,2018-02-21 00:33:39,2018-02-26 00:00:00
a4b276bd4a9eba543ec90cdf29a67308,9d20953453325b0f8badf470f570f98c,delivered,2017-06-15 08:53:26,2017-06-15 09:05:08,2017-06-23 13:33:00,2017-06-27 13:59:39,2017-07-05 00:00:00
5d9fde36e9b14f9c646577bb073b1486,ffed5d4f6245fe13cd57054621eec36a,delivered,2018-02-21 17:27:58,2018-02-22 02:10:26,2018-02-27 17:05:12,2018-02-28 22:25:06,2018-03-07 00:00:00
2790c1db6fab421570c3a789c96ffd46,606526aa253b452a350ce935064f6418,delivered,2017-10-31 18:03:11,2017-11-02 02:35:33,2017-11-07 19:22:25,2017-11-21 22:18:55,2017-11-27 00:00:00
40ebc9d21ae5f5d7dfd398f87e63f455,54c424fd34699c65ea6d0c12a80e4a72,delivered,2018-03-12 16:57:52,2018-03-12 17:10:50,2018-03-13 22:04:05,2018-03-17 00:18:43,2018-03-22 00:00:00
3d5857f4fdb1061d247dea2544782580,ceec04c1f9846950a467eee17ccdfb85,delivered,2017-10-25 14:58:48,2017-10-25 15:14:19,2017-10-26 16:48:54,2017-10-27 18:26:47,2017-11-07 00:00:00
cdab66293e2e4ea2b956d8016c5ad97d,6d03d9c7d95db6de5b59aa4d7218ec07,delivered,2017-12-13 09:01:12,2017-12-13 09:12:24,2017-12-15 22:04:12,2017-12-22 17:14:36,2018-01-08 00:00:00
d32fbb7b9c7d393b293c80e66091ee4b,66538c9da66571088de88815faa7ee9a,delivered,2017-09-10 15:33:23,2017-09-10 15:45:19,2017-09-11 12:08:37,2017-09-15 17:11:32,2017-09-28 00:00:00
fd22bd0610424ec9e62c1d98288b51e9,067715fac053f8972e3887e3784e38f4,delivered,2017-03-19 13:08:49,2017-03-19 13:08:49,2017-03-22 06:44:34,2017-03-24 10:18:13,2017-04-11 00:00:00
ced669a0f18cc433701f1011449b80fe,70f455685561519d6a7770423cbb01ee,delivered,2018-06-26 16:58:56,2018-06-26 18:18:21,2018-06-27 10:17:00,2018-06-29 16:48:46,2018-07-11 00:00:00
f5a1d7fb9cd502618f942b1295676f1b,c1ba054116e13a367a09a45be363525c,delivered,2018-01-13 12:13:44,2018-01-13 12:29:16,2018-01-15 23:51:48,2018-01-22 20:28:42,2018-02-15 00:00:00
cd49c5c6f772ac87200f116a7a5499e5,c68f1a0b156eeb49b2b3168e4ab55681,delivered,2017-03-08 01:59:31,2017-03-09 02:51:06,2017-03-09 13:31:27,2017-03-14 10:34:44,2017-03-29 00:00:00
5fe9874b96028c851e35c1c28aede4c2,4d575680ce2505bef7485ecf1badf1d6,delivered,2018-01-14 14:39:38,2018-01-14 14:51:23,2018-01-24 16:59:54,2018-01-30 14:19:48,2018-02-16 00:00:00
0589d8b975f21fea2ad626ea99527911,77dc1be4c4766a308f7c7516b732a825,delivered,2018-02-27 16:36:42,2018-02-28 16:35:43,2018-03-01 18:47:44,2018-03-07 22:44:26,2018-03-28 00:00:00
0d5fb8614978748bcfbef448c8a74a17,33a3023585bff9c06044bdcd92c95b4b,delivered,2018-08-06 10:00:44,2018-08-06 10:15:30,2018-08-07 15:47:00,2018-08-15 21:19:33,2018-09-06 00:00:00
ed8a6e0832d4fbbd240110423cd1b707,226236428096449139ada8b6e6bf4136,delivered,2017-11-24 14:22:09,2017-11-25 05:50:06,2017-11-28 18:32:27,2017-12-14 21:35:17,2017-12-21 00:00:00
9dabd200c58f609f380ecd1e44898086,1bb2273c4c26af24561221cfc4fbd7f1,delivered,2018-06-12 20:50:18,2018-06-12 21:24:02,2018-06-15 13:48:00,2018-06-27 17:11:52,2018-07-19 00:00:00
573cdc3b8d7f43d865aba5fbbc888802,1d4ed7b29c69512e9a142a6a5c52f5d0,delivered,2018-01-12 15:22:11,2018-01-12 15:30:30,2018-01-15 21:48:54,2018-01-31 21:48:10,2018-02-14 00:00:00
73287734c7b95e805d54a35d062627f2,d8d953c123168b787dceec29e08d08d3,delivered,2018-02-27 12:05:41,2018-03-01 02:35:26,2018-03-02 00:12:43,2018-03-21 21:47:29,2018-03-27 00:00:00
12aab7cb25bc6ae86c66cb3e7dc35a76,d2e258817e38dd6847a2dead3bbafc05,delivered,2017-12-22 17:11:24,2017-12-22 17:31:56,2017-12-26 14:12:49,2018-01-03 11:16:06,2018-01-23 00:00:00
c0e1586eda89047d683b2bc7d902037c,0266506e68e7eac1c7f726da057c28a9,delivered,2017-12-12 23:35:51,2017-12-12 23:49:55,2017-12-13 20:03:34,2017-12-18 21:18:56,2017-12-29 00:00:00
0124e0c5bfae1979838a91e47df53f14,6bf7cea1d53d6e27e5debdb2d5049ff6,delivered,2018-02-08 15:31:37,2018-02-08 16:59:25,2018-02-14 20:04:13,2018-02-15 20:11:58,2018-02-26 00:00:00
26c032093452825fab1ef0adcde581ac,1de5dc5b831942a9161baef126e93870,delivered,2018-08-14 16:42:17,2018-08-14 16:56:04,2018-08-16 17:15:00,2018-08-23 00:04:05,2018-08-30 00:00:00
848e76f65aa5d3843c356d8a68dfa5b5,0fe01041704b943d5c7905323ea63a2b,delivered,2018-05-03 16:05:51,2018-05-03 16:29:22,2018-05-04 12:12:00,2018-05-11 20:39:45,2018-06-01 00:00:00
1227f9af3b2ddb0b95060aab8e5b3dc7,53c9811a9eed9e84d267b8a929840882,delivered,2018-05-10 14:48:29,2018-05-10 15:11:25,2018-05-10 14:00:00,2018-05-18 16:21:53,2018-06-07 00:00:00
5d1aca6ae03324b5398c241b3b402be7,b36aecddfe5ccb0971ba9de40729416e,delivered,2018-06-11 13:34:54,2018-06-11 14:02:11,2018-06-12 15:05:00,2018-06-13 19:59:46,2018-06-20 00:00:00
ba16a6de753feb4dc0a6716cc3ddf951,2f2b6326403a1044d7c1c951fa3867f0,delivered,2018-02-10 18:19:59,2018-02-10 18:30:25,2018-02-14 20:15:52,2018-03-08 13:27:33,2018-03-23 00:00:00
569d43a54c364df5b367ab33e96eacf0,de67b8bed7fa293d54466d66bdaadc62,unavailable,2017-10-31 08:50:06,2017-10-31 09:06:23,,,2017-11-08 00:00:00
cdb67b9f52b1b7cd79169a5aae48d7c2,86d44d270b72592dbef78de27ec82d08,delivered,2018-03-07 12:04:58,2018-03-07 12:15:42,2018-03-10 00:07:27,2018-04-02 11:46:28,2018-04-05 00:00:00
b2e5be9642d390480c19fbc80e533de6,250db83427885000b3aa996cf9dc3a72,delivered,2018-04-16 13:41:24,2018-04-16 14:35:11,2018-04-17 00:03:11,2018-04-30 20:34:36,2018-05-07 00:00:00
fd117d65267f58ad33d914a3cc317543,f7c89da122bf0065f6157a4c19bfe24e,delivered,2018-03-19 15:53:24,2018-03-19 16:13:55,2018-03-20 18:53:39,2018-03-23 16:32:23,2018-04-06 00:00:00
6fd39a1adde54d0a5e6fe5ddc6c8784a,4e364c106217fcf45f21a4db793866bb,delivered,2018-04-01 19:57:10,2018-04-02 21:28:58,2018-04-13 01:51:10,2018-04-19 16:04:20,2018-04-27 00:00:00
4cdf8813fc5f4c3d74041453f606868c,d6e011b818659fed8cfa433ec3bee9fe,delivered,2017-10-10 10:08:32,2017-10-10 10:26:55,2017-10-23 17:46:35,2017-10-27 19:44:55,2017-10-23 00:00:00
5bb8d2fbca419676d395687e28f5263b,bff5a17c6a2c64100921da9fe9591a43,delivered,2018-07-12 12:44:14,2018-07-12 14:10:14,2018-07-13 06:52:00,2018-07-23 19:08:52,2018-08-01 00:00:00
5f4942fc3a59f2e62ae534f981105954,887b8a65e05f6ac52b0084002f88b30d,delivered,2018-03-01 08:07:37,2018-03-01 08:29:07,2018-03-01 20:12:36,2018-03-07 22:51:51,2018-03-21 00:00:00
5b649740381032adc79831802d8d221a,9f953bb4452203555445d713827f1465,delivered,2017-11-04 11:11:51,2017-11-07 07:30:51,2017-11-08 15:46:59,2017-11-13 16:52:04,2017-11-30 00:00:00
b68a52eb0d8bcd5f784a5f95b98a6cf6,56d9e13e6894b123c090a253757182a3,delivered,2018-02-03 10:27:19,2018-02-03 10:40:37,2018-02-05 22:58:49,2018-02-28 09:21:54,2018-03-15 00:00:00
558731462aceb9588378c7c19194d2db,4d916e585f3bb295dbc15dafaeaae8ed,delivered,2018-05-10 14:00:11,2018-05-10 14:16:26,2018-05-17 13:29:00,2018-05-18 16:59:56,2018-06-07 00:00:00
77e4da3755c479aac3d6f7f2a5e94516,6995decf2663f921e8dfb49b3e7b5b9c,delivered,2018-02-13 14:36:43,2018-02-13 15:07:58,2018-02-19 23:42:39,2018-03-09 16:58:30,2018-03-23 00:00:00
578daeebdebcc19bd2dcba1f6b06b3ce,af31beb9cb1ad7f0dd644d33b9e9ea44,delivered,2018-05-29 18:54:31,2018-05-29 19:17:23,2018-05-30 08:53:00,2018-06-02 14:12:57,2018-06-21 00:00:00
1aa78d3a94e9d8054d63fd230c076bf6,07c7380ec99877459637515df52ee55a,delivered,2017-11-24 18:49:41,2017-11-24 22:14:11,2017-11-28 00:12:11,2017-11-29 17:09:17,2017-12-08 00:00:00
a5d3eeeb605f6e2ce95e590543148234,05e8586e1ca488defddd47b5be9179c3,delivered,2018-05-13 21:46:59,2018-05-13 22:13:44,2018-05-14 13:40:00,2018-05-15 17:31:01,2018-05-25 00:00:00
2e233dded5d8af5e2baa5c1fca89a6c6,7f6cc609946a187554550e1a9192a46f,delivered,2017-12-06 14:37:35,2017-12-06 14:52:16,2017-12-20 18:59:29,2017-12-21 23:38:53,2018-01-04 00:00:00
9eaec2635ebf99416ead21c62ef53f67,216b824e1aa1817c80b40f8f2f8b246c,delivered,2017-12-13 17:14:37,2017-12-13 17:31:27,2017-12-15 21:42:19,2018-01-03 20:29:09,2018-01-15 00:00:00
db7a9e1d2cbac54cc7ead44f1ae8535c,3eda5c7e6340baf62f38dec00856a877,delivered,2018-02-16 16:32:47,2018-02-16 16:46:57,2018-02-19 18:29:11,2018-02-20 19:45:03,2018-03-05 00:00:00
3caf6c286c8cde37ea9c0fb2da0e3169,c8b8fc6a174f7e78125428ff2e452cca,delivered,2018-06-11 09:37:23,2018-06-12 05:15:58,2018-06-13 10:25:00,2018-06-19 16:18:43,2018-07-13 00:00:00
e317f41180b8a6fa3ce86b6fba6ac3fa,6285f604fa70a13975a094497da3bf6b,delivered,2018-06-25 20:52:04,2018-06-27 08:54:31,2018-06-27 07:37:00,2018-07-05 18:32:09,2018-08-03 00:00:00
3a73a24fa6a0d8ffd462fb4bb62e66fc,da5bd8e328c797b2d8f4d7199d5e94d5,delivered,2017-12-18 17:24:21,2017-12-18 17:36:30,2017-12-19 18:21:51,2017-12-27 18:58:40,2018-01-12 00:00:00
51879b7474407f56048b6c36cc3e263c,82141426f5565b47a8b8433342024da7,delivered,2018-07-25 21:44:59,2018-07-25 22:15:07,2018-07-26 11:12:00,2018-08-20 11:52:13,2018-08-08 00:00:00
385408894abaef5ea2b48046ca02f823,18e2faab25e5ef1ffc283ef3775b9a87,delivered,2018-02-15 11:26:54,2018-02-17 03:47:43,2018-02-21 16:55:08,2018-02-27 17:18:54,2018-03-08 00:00:00
a5dfe2f94a7c8cb55a435a6ed9fc2c12,7838d18f32fd8c01bf0712b588663c16,delivered,2017-05-01 19:04:07,2017-05-03 11:35:43,2017-05-04 12:15:24,2017-05-15 12:10:57,2017-05-26 00:00:00
5662e7f8bbc6abe55e104ac06994a731,b253ab4ce264a72304410c04d66e3908,delivered,2017-10-02 11:56:39,2017-10-02 12:07:21,2017-10-02 19:05:32,2017-10-18 16:22:50,2017-10-31 00:00:00
7e4d4a50dc999bcf59d2e055db0f4b37,3ea256d0100550636253563da3e913bc,delivered,2018-01-08 01:30:12,2018-01-08 01:39:20,2018-01-08 22:37:51,2018-01-19 20:49:02,2018-02-07 00:00:00
d7ebfa9a59497087b6f2383f00689fcf,6da7fdc344021e769a846085968f48f0,delivered,2017-10-29 22:45:35,2017-10-29 23:05:48,2017-10-31 23:44:50,2017-11-14 18:42:27,2017-11-23 00:00:00
bcaa7f7240deb32b0410ee6cc085d9b4,829d3ea58fe45816348ab857d059a6ae,delivered,2018-08-12 10:33:18,2018-08-13 10:30:19,2018-08-13 15:28:00,2018-08-14 21:48:58,2018-08-20 00:00:00
21c9855588b3946347dcaa1f159edcd8,499311489d89baa6ed8f9f9f1f3758b8,delivered,2018-06-02 12:40:09,2018-06-02 12:51:57,2018-06-05 15:01:00,2018-06-06 22:12:47,2018-06-28 00:00:00
b5eb3252f8e5ded7044d176ed49e2ecb,86d7e0b2821894373d67a03352affdcb,delivered,2018-05-28 17:23:08,2018-05-28 17:35:10,2018-06-18 11:59:00,2018-06-22 17:59:29,2018-08-03 00:00:00
5f8772295e1adb4e4832c988d6b631b6,d6ea3ab260c02dc5a2d6270e7d49286d,delivered,2018-03-17 10:11:49,2018-03-17 10:28:37,2018-03-21 19:24:40,2018-04-10 01:19:14,2018-04-20 00:00:00
22caa724849d26dec4cd73ffc70bc133,983286740ff2d1fd74d499fd1a711de7,delivered,2018-06-20 16:51:23,2018-06-20 17:21:20,2018-06-21 12:51:00,2018-06-28 13:48:32,2018-07-17 00:00:00
76ae7f8d0104f4808d4a93f4b81661d7,279b18bebb145265c6490f1de02cd947,delivered,2018-02-03 12:34:20,2018-02-03 13:20:32,2018-02-05 16:42:17,2018-02-15 00:26:45,2018-03-01 00:00:00
dfa1e5a290276c05629e2d4180ce6aff,1cb19e72dbe69d9091b464032caebb40,delivered,2017-03-13 14:17:40,2017-03-13 14:17:40,2017-03-14 15:05:58,2017-03-17 17:51:45,2017-04-06 00:00:00
d33a24a5ea67f8f5a06b0a32e53f3acf,5681c6fa141b43aaa13277dd0fd30b76,delivered,2017-05-16 11:15:51,2017-05-17 04:10:25,2017-05-17 14:37:03,2017-05-23 10:42:20,2017-06-07 00:00:00
c8c002c98c3b0b4d4136b84f76f635a8,c7f827df881d513428043f6c8153eb6b,delivered,2018-01-23 22:51:57,2018-01-24 18:12:42,2018-01-26 22:19:07,2018-02-09 01:44:46,2018-02-23 00:00:00
07bebe0626c8053ad425381fe0882655,a7077f133d9d048e55dc77a59d97c83e,delivered,2017-09-22 11:16:39,2017-09-26 04:07:12,2017-09-29 22:33:53,2017-10-05 21:07:46,2017-10-19 00:00:00
d5d0829757e3f168a603b3c272d96fff,add7aa6095dd2aae6b8d70d022bae3e5,delivered,2018-03-07 19:39:28,2018-03-07 19:55:32,2018-03-08 20:28:34,2018-03-15 22:32:39,2018-03-27 00:00:00
0ea322b0cc5c5a359a4b83e2cae08390,fda9a2bf4f0b8d64bf713e261189a2bc,delivered,2017-04-21 09:11:44,2017-04-21 09:22:07,2017-04-25 11:06:48,2017-04-27 15:43:31,2017-05-11 00:00:00
377627ea55b004e8d55a2af17ba3c0e1,3f0bd16414d5fee5cb1d19769c3c825e,delivered,2018-05-20 13:52:02,2018-05-20 14:18:58,2018-05-21 13:12:00,2018-05-22 14:56:33,2018-05-29 00:00:00
989829039549b9b62b547646ee72c034,c947bd7320af6ca068c7ef4389693173,delivered,2018-02-17 19:34:10,2018-02-17 19:50:25,2018-02-21 22:05:26,2018-02-22 13:49:08,2018-03-06 00:00:00
0739104e30e20de6c0956c0889a9b9dc,066a9e746ce5eead40d2afa9bccd3d7d,delivered,2018-08-17 19:00:16,2018-08-17 19:10:44,2018-08-21 06:04:00,2018-08-27 16:02:46,2018-08-31 00:00:00
3772bd82db6b988f9a7008bdb3a4b729,d00682c2eaf70db1869809d2fbaf7aba,delivered,2017-08-30 14:01:17,2017-09-01 06:24:30,2017-09-01 18:17:49,2017-09-06 17:52:25,2017-09-22 00:00:00
ece3ab91bd67ba73563dd0468fc3bde2,b4111141220267ae8e763af405bc6469,delivered,2017-09-04 16:30:33,2017-09-04 16:45:36,2017-10-03 18:04:57,2017-10-19 21:43:53,2017-10-10 00:00:00
f6806cb575dffe2dd24873502bc0b413,f9f0c70f7f91d4bebab7ed1cb0206489,delivered,2018-06-29 13:50:02,2018-06-29 14:10:45,2018-06-29 15:34:00,2018-07-05 19:46:36,2018-08-07 00:00:00
e1cbc1e8c3204aaecc891d1392f7b4d7,3b4d546d0e5f84a84c5cd3034c557b72,delivered,2018-01-04 09:22:57,2018-01-04 09:33:23,2018-02-06 19:27:54,2018-02-15 20:25:12,2018-03-14 00:00:00
a7b984cb7dba04216ef3408f9fdc724f,abda0fc72e1f8c32dd8291c542e273c5,delivered,2018-02-16 21:27:05,2018-02-16 21:35:26,2018-02-21 23:35:38,2018-02-27 00:10:13,2018-03-12 00:00:00
c000556923c9e9f96eb1121213f153b0,e630c8a8b546a3a6486ccdca9cc6eb0a,delivered,2017-11-24 14:22:59,2017-11-24 16:33:41,2017-11-27 21:43:07,2017-11-29 21:37:23,2017-12-12 00:00:00
544bad401327a8f0de6786c7ccd73c8b,3663cf3c9fafa9cc511c4d990ea35326,delivered,2017-04-30 19:25:23,2017-04-30 20:00:07,2017-05-04 13:14:08,2017-05-17 15:32:56,2017-05-23 00:00:00
c0cb48c270009fc128318b2f9eda3bec,246295516c97fc54aa274c6fd2222602,delivered,2018-04-22 17:47:10,2018-04-24 18:34:06,2018-04-23 18:02:33,2018-05-04 18:17:35,2018-05-15 00:00:00
38ac62af1b354671501c9bbfc55bf187,d14a98aaff22268ebdcbcd6acb7161be,delivered,2018-02-02 12:15:33,2018-02-03 02:53:24,2018-02-27 22:51:34,2018-03-06 19:35:44,2018-03-23 00:00:00
faa72e2db68f17d71fa5c725cafc53ad,a6a0a62ce165053b536f84be26fd22c7,delivered,2018-04-15 18:34:32,2018-04-16 08:51:12,2018-04-16 18:56:48,2018-04-20 20:28:56,2018-05-16 00:00:00
338be6220254203898339bb8b6021138,fef6ee8cb0a99f0fa68808e0fadca078,delivered,2018-05-17 09:53:34,2018-05-19 02:58:57,2018-05-21 15:32:00,2018-05-31 00:19:44,2018-06-06 00:00:00
2282f08c7a3e5bc3e7b84bb444d6e1e6,9024b6b926dff086c50dfd85762b9a45,delivered,2018-04-11 11:41:21,2018-04-11 11:50:28,2018-04-11 22:18:28,2018-04-26 19:42:49,2018-05-18 00:00:00
b62490833ad4da4f0f696c9358737651,36a52cbef5f4a32aed0c0215995985d4,delivered,2017-10-30 02:03:05,2017-10-31 04:30:15,2017-10-31 16:53:48,2017-11-08 17:54:43,2017-11-29 00:00:00
8fad1f3654133d30218cd4b6fae827ee,9111c8e96c761096f6fbe14a3a539f5d,delivered,2017-06-18 11:37:07,2017-06-18 11:45:18,2017-06-19 16:42:20,2017-06-22 15:34:10,2017-07-07 00:00:00
84d1f58195cae334b50f9088b38b3495,544e77a62037110df48c7f23d0a320e7,delivered,2017-04-26 08:45:44,2017-05-01 22:33:38,2017-05-04 15:14:39,2017-05-11 13:33:01,2017-05-17 00:00:00
44259226d73d340f929777553ecf199b,10101c15aec095b6078c8dd047739392,delivered,2018-03-30 13:36:43,2018-03-30 14:27:02,2018-04-02 19:21:05,2018-04-17 23:18:36,2018-04-25 00:00:00
3b9de7cf25713aac3ab7e5cc48d83983,4233f443bac7d7de2c4e6782763fa516,delivered,2017-07-20 10:38:58,2017-07-20 10:55:11,2017-07-21 18:22:58,2017-08-09 17:42:52,2017-08-22 00:00:00
d7ebe26f7b9c7600c40edd2b0edc7afc,994ce8a078d9b40c268787c6ff42d514,delivered,2017-05-20 10:41:57,2017-05-23 03:22:53,2017-05-25 10:37:45,2017-06-06 18:52:29,2017-07-03 00:00:00
1dd524259037e53865e1fbee3697183b,1a13719d21dafc59a8a17846e0172f0f,delivered,2017-06-16 15:19:13,2017-06-16 15:30:33,2017-06-16 16:01:52,2017-06-23 11:48:38,2017-07-11 00:00:00
c4ed5db53397cdd0f24bb4ba48f769f8,b965b22eb0be25b8a06e11e390c4ffb8,delivered,2017-06-22 22:14:08,2017-06-22 22:25:18,2017-06-23 11:09:17,2017-06-26 16:57:54,2017-07-05 00:00:00
c9abb9f3b4b71b87bfbc5645a02cf8cc,72430ca7638959110ed1dcc035402546,delivered,2018-04-16 17:14:02,2018-04-16 18:33:55,2018-04-17 12:51:09,2018-04-23 19:26:30,2018-05-09 00:00:00
b2b86f50f1d5ec8763fc9fc6894ac6c4,89fe1107a7a7a8e70a256454d3da5335,delivered,2018-08-01 19:51:31,2018-08-01 20:15:21,2018-08-02 14:49:00,2018-08-03 21:19:23,2018-08-06 00:00:00
a711032f5b2df3b039238b1a273076b8,9393744f4214f430a813fee1316567e2,delivered,2018-04-04 18:08:41,2018-04-04 18:15:19,2018-04-07 22:03:07,2018-04-22 21:05:11,2018-05-03 00:00:00
ec34ce0f06a9a35ebf0f0496d595bc84,d3cafb429363e1c6b3a3af369e31728a,delivered,2018-03-05 19:13:59,2018-03-05 19:28:32,2018-03-07 19:15:05,2018-04-09 18:47:34,2018-03-29 00:00:00
f0cb299a9702d7db4e501895d61d2baf,3d14ef1b615443e8569574ccf4c70ffb,invoiced,2017-06-10 22:46:28,2017-06-10 23:02:39,,,2017-07-03 00:00:00
edd3d7495d5177045823010a1f6ac22a,fbf9c2e3c687f16df64422a9c855b8e2,delivered,2018-06-13 17:55:32,2018-06-13 18:23:23,2018-06-14 14:58:00,2018-06-20 15:08:38,2018-07-20 00:00:00
b0200f320613faea21c999a90efa28ab,cb3e59ee986f4594de1982df4ae214f7,delivered,2018-02-10 17:58:16,2018-02-10 18:48:12,2018-02-19 21:42:18,2018-02-20 22:33:02,2018-02-26 00:00:00
cecccaa359491439461332bbb0dad3d5,6e99733532423390e0d537024ac60812,delivered,2018-02-28 23:35:06,2018-03-01 00:20:27,2018-03-02 17:57:06,2018-03-28 00:09:03,2018-03-29 00:00:00
f7198d6fd9c02f8d7f7646b213376ddf,d32c1be9389b63d5e611ae874bf4403d,delivered,2018-02-24 21:15:18,2018-02-27 04:31:12,2018-02-27 19:33:48,2018-04-06 20:33:34,2018-03-19 00:00:00
042649285cd08ef7c546445419b43407,8e4a0eaf18400c5715796fc724708d00,delivered,2018-03-13 15:24:32,2018-03-13 15:35:36,2018-03-15 23:07:58,2018-03-16 23:32:59,2018-04-16 00:00:00
22a1a580ac153c5e2f469d27ad6a4e3d,b9662bb6c6a36059b08d2ade7f499d65,delivered,2018-04-15 13:45:06,2018-04-15 13:55:18,2018-04-16 22:13:32,2018-04-23 21:28:42,2018-05-09 00:00:00
4f62d593acae92cea3c5662c76122478,dfb941d6f7b02f57a44c3b7c3fefb44b,delivered,2017-07-18 23:10:58,2017-07-18 23:23:26,2017-07-20 19:00:02,2017-07-21 16:19:40,2017-07-31 00:00:00
edc9fcd5f5ab3aa69901aa991026ee0c,07c457249ec4f7f19f0244025b671ccc,delivered,2017-06-03 11:55:09,2017-06-03 13:05:18,2017-06-05 08:52:20,2017-06-14 15:38:09,2017-06-28 00:00:00
540544251975ba4515aebe0ac8525067,09aa1b31dfac63e1e90d5ddf79560f86,delivered,2017-06-19 11:02:33,2017-06-19 11:10:18,2017-06-21 18:43:49,2017-06-30 14:27:57,2017-07-11 00:00:00
d4e413e096efb5d9b209b28ac79c62b7,18f711d8d5d66c0a2d470f4b851e8038,delivered,2018-06-28 09:12:34,2018-06-28 09:31:36,2018-06-29 08:42:00,2018-07-19 19:55:34,2018-07-13 00:00:00
afc164a698c08de061cc7173650121fa,fdec684fa0be036ee7039f3edf5a0323,delivered,2018-02-19 14:27:36,2018-02-19 14:47:26,2018-02-20 20:35:24,2018-03-05 22:17:29,2018-03-21 00:00:00
3eb08a4c95b522bed075ec059ad858ab,8aac7e3ddd515089585bbab2b7d85aa8,delivered,2018-08-07 22:03:27,2018-08-07 22:15:22,2018-08-09 10:56:00,2018-08-17 11:42:52,2018-09-21 00:00:00
317c2c773295f70b67e5511ccd55f81c,1a87ac7d56c7f9d337a271a7c157184c,delivered,2017-08-01 00:03:15,2017-08-01 00:43:11,2017-08-03 16:29:43,2017-08-09 16:14:51,2017-08-21 00:00:00
115cf7c242febcbed832ad6d631db40e,aa7aba441952b013edbf055028d6e7dd,delivered,2017-05-11 00:08:39,2017-05-12 02:45:08,2017-05-15 12:08:27,2017-05-16 09:47:48,2017-05-26 00:00:00
4cf6bc9c5e6ff30151bfb6f92f791b28,515dcc3641e65fbef358398ae6dc91cb,delivered,2017-06-23 20:43:32,2017-06-23 20:55:08,2017-06-26 14:22:47,2017-07-12 16:17:46,2017-07-25 00:00:00
2f6e1ce2926b6a1f5f9ea11d94b58cb0,8d0705b3e380f94aacb2c36ecc0bd425,delivered,2017-05-25 12:57:19,2017-05-25 13:10:23,2017-05-31 14:17:52,2017-06-19 17:43:21,2017-06-26 00:00:00
60218eecf87eaeb58657769f328f2726,98a0dc59ecc82225fd647c39cbdf1494,delivered,2017-09-03 12:01:13,2017-09-03 12:15:15,2017-09-05 12:17:17,2017-09-11 19:34:03,2017-09-28 00:00:00
c6c17394464f987209982d3f1423f068,4f4ed20c56c49d645e19d6e63e37517e,delivered,2018-05-16 19:04:43,2018-05-16 19:36:44,2018-05-17 13:51:00,2018-05-28 18:03:37,2018-06-14 00:00:00
2c5871f32e23db4f41bf1c58df2f1bee,072495211b56605859c385bdbd35103a,delivered,2017-10-11 09:23:44,2017-10-11 09:38:19,2017-10-13 14:00:39,2017-10-23 20:33:13,2017-10-30 00:00:00
13cde3630a835cffb389eee14cbc0e1a,458a7594568f442693c952daece0fd1f,delivered,2018-03-06 06:16:20,2018-03-06 07:08:28,2018-03-16 23:18:41,2018-03-18 14:44:29,2018-04-06 00:00:00
825c221a4e981f278e9c5ec6ead83a3f,933bf00ad9a4f8bfd36bd85e09bd6cba,delivered,2017-06-29 23:08:50,2017-06-29 23:23:28,2017-07-06 14:05:35,2017-07-10 13:48:36,2017-07-19 00:00:00
a67f04f0a3022835f86664a0070fe36e,686427538716525c9b1b699caa2bd8f7,delivered,2017-07-18 13:02:39,2017-07-19 07:10:12,2017-07-20 19:06:00,2017-07-26 17:13:00,2017-08-10 00:00:00
0a15572811e0bc23e2963de1cdf344f0,a0a88da4a6858c8d7cc650bbd21949e8,delivered,2018-04-19 10:59:31,2018-04-19 11:36:50,2018-04-19 21:36:40,2018-05-04 20:04:01,2018-05-23 00:00:00
1389d3b1fab26d87e40c382d11a8ac3c,e4a1289920c7a33574e0433abd5b90d7,delivered,2018-08-14 22:49:18,2018-08-14 23:05:50,2018-08-17 13:18:00,2018-08-27 19:51:59,2018-09-06 00:00:00
fa2de0086db43d394d58f69a111f8f69,254a99b66d18dc590fb0b5e226382afb,delivered,2018-06-05 21:32:16,2018-06-05 21:53:06,2018-06-06 14:17:00,2018-06-12 18:32:35,2018-07-16 00:00:00
6c27984bddb654e222cd1b9a238d2e74,722dd6e14d2f43121531d24edae4e1e7,delivered,2018-05-17 16:38:34,2018-05-18 04:54:43,2018-05-18 13:51:00,2018-06-04 15:51:46,2018-06-11 00:00:00
e19a8635d806af6ae2d20b3de998b0c8,67a6887d8952c16de0e49e6ad2d6e2a4,delivered,2017-10-03 10:38:39,2017-10-03 10:51:44,2017-10-03 16:05:19,2017-10-06 18:28:02,2017-10-27 00:00:00
a6f118bcb8721211afbb36e4a1e63610,e09c6265f1f8647749be9898aa511e98,delivered,2018-08-16 11:22:55,2018-08-16 11:35:12,2018-08-17 13:59:00,2018-08-18 18:04:33,2018-08-21 00:00:00
943dc313319b98a46f1aa70d59b68715,c0ca3b0cd457d58573982009c592f913,delivered,2018-06-29 11:50:43,2018-06-29 12:10:03,2018-07-02 14:11:00,2018-07-06 17:51:00,2018-07-27 00:00:00
360d1b0085f85a626f77b5fe558e8ae8,33c7436be4e08a85eb14b56f24f4506f,delivered,2018-07-18 12:10:39,2018-07-18 12:22:21,2018-07-18 14:09:00,2018-08-01 21:04:13,2018-08-03 00:00:00
26543fb8b34f4547bcbbd431f998ee76,7b795a9df1fb7368c9c00514370d5c4f,delivered,2017-11-08 16:12:36,2017-11-08 16:30:48,2017-11-09 15:18:46,2017-12-06 12:48:29,2017-11-28 00:00:00
bd34db34f886a82d2f7e9214b6fd01e0,5c2bab9a09604f016d9ccd13242db649,delivered,2018-01-10 19:34:34,2018-01-10 20:08:16,2018-01-11 20:23:13,2018-01-23 19:52:54,2018-02-14 00:00:00
f2120851611e040d268c3be41ac51228,4428f44a71d4ed03fdaa62d4ed852f12,delivered,2017-09-14 19:23:28,2017-09-14 19:44:16,2017-09-15 17:18:59,2017-09-18 18:08:10,2017-09-26 00:00:00
0c91c4102d1858f4ced29970f55e54a0,ae8ed9c83d32613ae9f7e6c72443cdbb,delivered,2017-03-01 10:46:15,2017-03-01 11:01:46,2017-03-03 13:51:39,2017-03-07 07:57:54,2017-03-28 00:00:00
479715da59efdc67c1722f985a94d18c,8683c94ecfeed1552bd8b944bf81d66d,delivered,2017-09-03 23:44:26,2017-09-04 02:31:38,2017-09-05 15:55:58,2017-09-11 17:03:14,2017-09-22 00:00:00
4cddfa3db1f20697139ba4a46c4fd399,24cddae2e51926ae7ac40c628a8338ca,delivered,2017-07-22 19:06:31,2017-07-22 19:15:09,2017-07-26 18:46:35,2017-08-17 13:42:42,2017-08-21 00:00:00
14e3b02a42f36ad7bdcdc8a0df427be3,178e6ac2e067591cde169461107ac469,delivered,2018-03-10 17:26:33,2018-03-10 18:08:26,2018-03-13 15:56:26,2018-04-04 16:22:41,2018-04-03 00:00:00
a820e4b8830258a148d161ba6d8bf419,ae8103a85db8c3dfc90a0473e90db207,delivered,2017-06-13 14:51:21,2017-06-13 15:10:22,2017-06-14 15:33:11,2017-06-22 16:22:55,2017-07-06 00:00:00
0c5c8063a673f3c44b6499053e534ccb,3b0841e521dffa992a8ef9e4e00b2c9e,delivered,2018-01-08 20:04:06,2018-01-08 20:12:30,2018-01-10 19:28:08,2018-01-17 18:59:02,2018-02-06 00:00:00
636f0241ddc83a3b9e37a8088167bd45,0d14d28bc941474750feb2e030e54460,delivered,2017-10-22 00:31:28,2017-10-22 18:33:27,2017-10-23 12:48:04,2017-11-03 17:27:44,2017-11-09 00:00:00
afd1ca4a245a9a04d0f8d5dc1ccb7ed3,cf78fe7532c375731b3d6ce693a8600c,delivered,2018-04-17 13:32:54,2018-04-17 13:51:07,2018-04-17 22:20:55,2018-04-23 21:13:59,2018-05-09 00:00:00
27d6233886151ecc1ed368ce120ec5cf,508477b76a482e31673805fe43e12760,delivered,2018-05-15 22:05:44,2018-05-15 22:33:47,2018-05-16 14:08:00,2018-05-22 22:12:08,2018-06-07 00:00:00
2fc4ba497db1306b9048aceaf0f7e5a9,3ebebafcab1829291818288df19d4def,delivered,2017-09-22 11:41:58,2017-09-23 02:30:13,2017-09-27 18:17:09,2017-10-03 22:40:12,2017-10-19 00:00:00
3d4bfa3de7e617f61d1ee3c87e95b204,5e98755f49cf29e4e9e87d81d2f86db2,delivered,2018-05-28 09:26:31,2018-05-28 09:52:14,2018-05-28 15:16:00,2018-06-14 00:46:38,2018-07-16 00:00:00
0452166f3b0d8e378179ecea1efdfe05,f9ea98973ad5377b86d588b734afda06,delivered,2018-08-10 11:25:41,2018-08-10 11:35:23,2018-08-13 15:13:00,2018-08-14 22:44:56,2018-08-16 00:00:00
b8fba4dc6ff421731ed01f46c701084a,16292a565a0a28cb79837f9e0aee1ffa,delivered,2018-01-09 12:23:45,2018-01-11 03:08:40,2018-01-15 16:17:00,2018-01-22 21:51:17,2018-02-02 00:00:00
b3e2b81932a8bc32dfffd128937c3c5e,cb633030180d869d7bb76aa783a78b6d,delivered,2017-07-04 23:29:52,2017-07-05 17:36:19,2017-07-07 13:11:21,2017-07-10 19:07:41,2017-07-18 00:00:00
8a2d731a57d62d23bbf9556f80343140,3e2c76f875903f5937c2713907124051,delivered,2017-06-06 21:25:22,2017-06-07 02:45:28,2017-06-07 09:48:48,2017-06-22 17:52:07,2017-06-27 00:00:00
f939e2a89376e44158657a15465cacce,ec980872eea3778facea3e17ec48107c,delivered,2018-01-08 16:02:04,2018-01-09 07:25:32,2018-02-17 02:21:38,2018-04-03 17:38:54,2018-03-19 00:00:00
8b50d4c9560cac1625c6fd9f536fc780,7372fb39ddd5b2bcfb9466a66fa69dd3,delivered,2018-04-24 21:34:35,2018-04-25 21:30:24,2018-04-26 07:17:00,2018-05-03 17:12:37,2018-05-22 00:00:00
5620e57611d71ee82bf1b40183f57bdf,9b079dd2ab921fbefaa935054ed0e183,delivered,2018-02-14 10:53:15,2018-02-14 12:00:28,2018-02-27 15:33:21,2018-02-28 16:37:27,2018-03-14 00:00:00
0724cc371750e7fdfe769d2a8bdd5b92,650a73a3bd9b9aa96aa43406dd84fdab,delivered,2018-01-19 15:14:29,2018-01-19 15:36:57,2018-01-22 15:17:59,2018-02-03 13:18:40,2018-02-20 00:00:00
a52e6fa2d7c6ecaf73ff5f7f10438339,0324eee00643cd63d11ec25cb930d53e,delivered,2017-01-28 20:09:18,2017-01-28 20:32:25,2017-01-30 12:00:42,2017-02-08 12:31:55,2017-03-07 00:00:00
f97b2bdfbaca9c2f04722d8cbc8cc8a5,3ba38209ae8f27771c90ec6b410f2043,delivered,2018-08-08 18:34:29,2018-08-08 18:45:20,2018-08-10 14:49:00,2018-08-16 22:31:44,2018-08-24 00:00:00
09fd9b0402ed675bbd1ee1e81171ac7c,06d529bccb0825265d8b5b73c66e53d8,delivered,2018-08-18 21:36:49,2018-08-18 23:31:32,2018-08-20 13:47:00,2018-08-29 20:17:39,2018-09-21 00:00:00
19230cac8f45f89fc992b4048422b72e,f859fb23e2e8315da5d17d72d4f372f5,delivered,2018-02-25 17:19:58,2018-02-25 17:30:27,2018-02-26 23:44:18,2018-03-06 18:41:30,2018-03-19 00:00:00
8bca89b4311c48e6e6a22acd5cebd242,ecbefacde17c98967b427a3a1f98880e,delivered,2017-03-27 18:45:23,2017-03-27 18:55:14,2017-03-28 13:12:52,2017-04-05 13:34:01,2017-04-20 00:00:00
cca0fdbe32d86d386a95c02433412640,e25f3c0da7eeb0dd9bb46770cd17a61f,delivered,2018-06-27 09:26:23,2018-06-27 11:05:59,2018-07-03 14:47:00,2018-07-14 12:51:37,2018-07-27 00:00:00
243312dbb316253ab77bb0140d94803c,680e38a70d371582570f41cc47dc2791,delivered,2018-03-17 08:21:08,2018-03-17 08:49:39,2018-03-19 19:12:11,2018-03-21 12:24:26,2018-04-05 00:00:00
8628cf35f313fe2e46a2168f21860031,e9fbe7886163acf808479322d2b87ccb,delivered,2017-11-18 19:49:54,2017-11-18 20:06:49,2017-11-22 13:38:29,2017-12-02 00:46:49,2017-12-11 00:00:00
65a9d3006386a380f4b594577a01cef0,fb611ba8817096ba3bdc1d9807f5cdac,delivered,2018-01-16 21:39:25,2018-01-16 21:51:29,2018-02-01 02:44:55,2018-02-19 12:13:32,2018-03-01 00:00:00
dc078338903735916fab84f036188dcc,59227a9b6b75b6c0612c26336eec0a47,delivered,2018-04-18 04:57:10,2018-04-18 08:34:52,2018-04-23 20:48:28,2018-04-27 13:53:54,2018-05-16 00:00:00
bb95c9f509ff2da87b6015a0d9046f0f,8e7952773b680825d0c65e05592440e7,delivered,2018-05-05 16:47:08,2018-05-08 04:15:29,2018-05-09 11:06:00,2018-05-14 18:42:36,2018-05-24 00:00:00
853927b32b0ebc007ece729a314338cd,be0e2abfe1e57a99b37f471ba7380aa6,delivered,2018-01-24 15:42:08,2018-01-24 15:58:13,2018-01-25 14:52:43,2018-02-21 00:19:44,2018-03-05 00:00:00
f33aa647f08ec9623c76b6212be92333,f6750b796dc102521e62579639ad43b1,shipped,2017-05-23 17:03:13,2017-05-24 02:55:37,2017-05-24 12:31:48,,2017-06-19 00:00:00
c8426a2c3cc5c11e8aa0789c3238d4d9,6b05139c22666edaab8363c643187ed1,delivered,2017-10-16 23:26:54,2017-10-16 23:49:08,2017-10-17 22:35:05,2017-10-24 17:33:30,2017-11-01 00:00:00
99f10393ec3328b3b416a154afd5d714,b593c249903e4280399e991fdbe8d7a3,delivered,2017-07-19 23:51:41,2017-07-20 00:45:20,2017-07-26 11:07:51,2017-08-04 18:06:08,2017-08-17 00:00:00
8304f049f874798b19276d475a0b1851,5044e8b37438c40fd1ec142dfb1d6807,delivered,2017-12-08 23:44:20,2017-12-08 23:54:39,2017-12-12 13:33:30,2017-12-26 15:14:42,2018-01-04 00:00:00
c5ba516dae0f7c34ba8ad92dad570249,7e65f2e10589a7e3149badfe2d5ccb42,delivered,2018-08-26 21:01:53,2018-08-26 21:15:17,2018-08-27 15:52:00,2018-08-29 15:52:33,2018-09-06 00:00:00
bb102364b6a29f9f8683f21e5825595a,229d046873d7452a773c42e0f35916f9,delivered,2018-01-18 10:20:43,2018-01-18 10:31:31,2018-01-19 22:28:38,2018-01-23 15:07:12,2018-02-02 00:00:00
f65681ae52bf95372fcd66c697752f3d,eb47fece1267f094ec35bc6efb35b9a6,delivered,2018-06-15 00:41:04,2018-06-18 10:33:32,2018-06-25 12:56:00,2018-06-26 21:18:51,2018-07-04 00:00:00
5001ef7f5cc08023f39a4f6b7c09b5f5,b970847909a71ab7da63fe4fa663987e,delivered,2018-05-16 22:28:23,2018-05-16 22:55:46,2018-05-17 12:46:00,2018-05-21 19:52:44,2018-05-30 00:00:00
1e2b94b476c8738fbc5aed69524f2da4,15377ad18854e02069af4900c8e4039f,delivered,2017-08-07 13:02:20,2017-08-07 13:15:20,2017-08-10 17:07:46,2017-08-24 21:33:36,2017-08-31 00:00:00
b1d045cd447d2961b72e0d67c18f5d94,aed3f1f445a4ea906938e139249662a9,delivered,2017-06-06 21:49:13,2017-06-06 21:55:14,2017-06-07 09:48:50,2017-06-26 14:22:43,2017-06-27 00:00:00
ea1857c97012fbeb3b4babd5892ebc7a,bf96e70ffefc1f625f3db89f1949af48,delivered,2017-05-30 15:55:30,2017-05-30 17:34:56,2017-06-05 09:52:35,2017-06-09 22:55:52,2017-06-22 00:00:00
e0043b9e113bdc5f84b14893d62e00ac,567e09a51ff57f2f6ef54ef2dcb742e8,delivered,2017-11-24 12:00:57,2017-11-25 04:15:21,2017-11-29 15:12:10,2017-11-30 19:26:44,2017-12-08 00:00:00
0ca1bac7f133e0eced641bff853f52ea,c38daf55356a31e900fd1f44eb1609d5,delivered,2017-10-31 20:45:18,2017-11-01 03:15:34,2017-11-01 17:12:39,2017-11-07 20:18:45,2017-11-21 00:00:00
4ce0d39282d4d45834a51b1ca7fbb311,33b83055b03f489566ebb99c68d45cee,delivered,2018-02-01 09:11:43,2018-02-01 09:31:15,2018-02-06 00:48:33,2018-02-21 21:55:15,2018-02-23 00:00:00
37c8cbbb816470ceb8a3026653cf3d3c,0c6ddd0fc46185e7fd0bb6d767bf4d36,delivered,2018-03-01 15:25:54,2018-03-02 02:10:01,2018-03-02 21:56:43,2018-04-04 00:29:49,2018-03-26 00:00:00
d43d694cf81ca89d8e50c6f3c199f0de,1e46b29a43929d0f05b69dc61a3668aa,shipped,2018-01-18 15:07:13,2018-01-19 16:59:45,2018-01-23 23:14:50,,2018-02-09 00:00:00
7e28a3542ea8306e42298ea3718222ee,b14a788b10030beb7ea368ea345caf7e,delivered,2017-12-16 16:38:38,2017-12-16 16:53:45,2017-12-20 19:11:03,2017-12-26 15:33:19,2018-01-11 00:00:00
00fc308dd7f0937682698becaa9dcc45,f40f31f8bfcc5f74d9d246354b90af09,delivered,2018-08-20 19:51:32,2018-08-20 20:10:12,2018-08-22 14:26:00,2018-08-28 01:52:03,2018-09-06 00:00:00
ca7296a83aa279afb28c2388a4f48891,daada56f7d2e74dfd291d652b7e03ac2,canceled,2018-02-07 09:48:08,2018-02-07 10:10:17,2018-02-08 23:26:57,,2018-03-07 00:00:00
a95f8f8384a13be626e06154468a9200,aea320a768b6bf82d76979c16260e2a9,delivered,2018-02-12 08:20:56,2018-02-12 10:00:27,2018-02-16 01:55:04,2018-02-27 20:22:47,2018-03-07 00:00:00
33c1911ef3652a03c6cb098b9399b1d3,70f95a47532d0a1ffd3b15302f61a1bf,delivered,2018-07-03 15:14:01,2018-07-05 16:32:54,2018-07-04 12:14:00,2018-07-09 20:26:43,2018-07-27 00:00:00
c6c96aae858cf470816e5080de363e47,3ea720b336a4ee1c2a5fa2b77cec0d48,delivered,2018-07-17 19:48:27,2018-07-17 20:10:18,2018-07-19 11:16:00,2018-07-23 22:37:43,2018-08-02 00:00:00
f00c74caaa25430b1fa361c158e8996a,e1ec5ddd749cd760a0c408a40ae5a4a3,delivered,2018-05-09 19:19:19,2018-05-09 19:35:32,2018-05-24 09:50:00,2018-06-20 13:35:46,2018-06-07 00:00:00
546c8958ff67b28473cf140ec32a5a91,a88f6b2e3e51c830e4850876c911fb8d,delivered,2017-11-24 19:47:58,2017-11-24 22:56:18,2017-11-29 11:37:48,2017-12-27 15:00:00,2017-12-20 00:00:00
a25b9ed9a3a53f53489c105482625129,22a7b639ea009c1e430eb43244204bda,delivered,2018-06-21 19:04:30,2018-06-21 19:21:35,2018-06-22 14:41:00,2018-06-25 15:56:52,2018-07-18 00:00:00
6699d7eb202a80ad0dd024134fe5ed60,18715b86f15b55cc06dcaef3708656c7,delivered,2018-01-15 00:14:21,2018-01-15 00:29:16,2018-01-15 21:33:17,2018-01-24 20:18:57,2018-02-19 00:00:00
95de62498e177002f6ef1949e2e788ea,80acb244f16eb759ec0bafcb47c21cce,delivered,2018-02-07 19:29:00,2018-02-07 20:32:16,2018-02-08 18:36:15,2018-02-16 22:37:18,2018-03-06 00:00:00
7e09cc861487709e81e6c729d2635208,bbe208ab812ec207b4af5580b64e68cd,delivered,2017-12-05 13:33:44,2017-12-05 13:53:37,2017-12-06 00:27:05,2017-12-22 15:07:17,2018-01-08 00:00:00
083ade26303c53b4aa1c779b67d44485,9388bb1d7e8b53211cff72e787efb6e7,delivered,2018-06-07 20:38:06,2018-06-07 21:35:59,2018-06-11 11:27:00,2018-06-15 15:38:44,2018-07-23 00:00:00
a1e393fb70c2916de4f93974682521a0,7c70a35d01718282e98dbe56e2765377,delivered,2017-04-01 21:35:01,2017-04-01 21:45:15,2017-04-03 14:43:31,2017-04-06 11:13:42,2017-04-26 00:00:00
5cc6d864fa9e1a90eaf5207737549ffc,8b574f4c72ba3539b5a1cfe2429352a4,delivered,2017-11-07 19:49:52,2017-11-07 20:06:58,2017-11-08 19:28:45,2017-11-15 16:22:59,2017-12-01 00:00:00
32f7f9fd01c6b5592202b48442caa441,db1f2c9256482f22307b39827a99f732,delivered,2017-08-10 21:05:35,2017-08-10 21:15:20,2017-08-11 20:48:05,2017-08-22 12:44:18,2017-09-08 00:00:00
f51cb113ad5e21bc6d8082bc824fb25e,23304f69dac259edcc18688d38ab9250,delivered,2017-02-08 14:36:40,2017-02-08 14:45:16,2017-02-09 16:08:52,2017-02-13 10:05:41,2017-03-09 00:00:00
51c064ec2d79d398b30db3f8e1de8ec8,91da5278c565f5d5d22b3724ec4839fd,delivered,2017-05-04 19:16:04,2017-05-05 02:25:24,2017-05-05 13:30:49,2017-05-10 09:17:54,2017-05-29 00:00:00
d8d8abd9a4aa1b36575678bdf5e9d23e,aadf2752fbf607535468b271f7f7d094,delivered,2017-03-12 22:47:16,2017-03-12 22:47:16,2017-03-16 05:37:56,2017-03-31 09:46:05,2017-04-06 00:00:00
0510f632b86f01064ebbde67deb63bb5,3413b1a3a719cf261ac926114e3d3da8,delivered,2018-06-26 23:37:29,2018-06-27 01:30:01,2018-06-27 08:57:00,2018-07-04 21:29:48,2018-07-31 00:00:00
2d5a9031ce30f2732d18bb3722b887a4,1fa1869a410018e63e73c5a1fe358492,delivered,2017-05-22 14:38:48,2017-05-22 14:50:07,2017-05-24 12:39:46,2017-06-01 10:55:31,2017-06-30 00:00:00
72c81a6a9dcf354f87393c361caa13ce,1cd146c5b0b02ca65ae036c0dfcc2f3f,delivered,2018-07-20 15:56:15,2018-07-21 15:50:12,2018-07-23 11:39:00,2018-07-24 18:30:46,2018-07-30 00:00:00
19aeea45917083f03541b7d11afc8e2b,afc216c58cdbe8ed9cebe1495b155a86,delivered,2018-06-11 19:19:29,2018-06-11 19:41:01,2018-06-14 13:30:00,2018-06-22 20:48:43,2018-07-19 00:00:00
7b4cc813e327ec14c78f547a763f46b8,725ba0268900143556050bd3513a3369,delivered,2018-03-08 15:59:45,2018-03-08 16:31:38,2018-03-15 19:46:25,2018-03-29 23:23:20,2018-03-29 00:00:00
0eb43791d78d71f1098d5cb2b46e4c7b,bab91c3c25a207c83b5c95392df95163,delivered,2017-03-25 14:57:53,2017-03-25 15:10:16,2017-03-28 09:51:58,2017-04-08 03:46:03,2017-04-13 00:00:00
6b751a27edaaa33537b2e893d7fd18ce,894337b29433786ec770ef5bf5475cba,delivered,2018-02-02 18:02:51,2018-02-02 18:31:15,2018-02-07 20:33:23,2018-02-20 18:41:50,2018-03-07 00:00:00
c263f74f0ce9f6d9e0f4608a22a67dfd,7dd4ca386e9a4add580925c77a483225,delivered,2018-05-08 08:46:56,2018-05-08 09:09:47,2018-05-08 15:28:00,2018-05-15 13:22:09,2018-06-06 00:00:00
7f922477f06db4ab69f6f173f439088e,ef019b3cc077faf03d999168daaf8d07,delivered,2018-06-06 21:47:57,2018-06-06 22:12:17,2018-06-07 15:01:00,2018-06-15 19:41:33,2018-07-03 00:00:00
56430e0b9968b381942760e433583b27,25fc5fcd13751095236ea257c9cfb62a,delivered,2017-03-02 07:28:36,2017-03-02 07:35:17,2017-03-03 13:25:40,2017-03-08 17:53:42,2017-03-23 00:00:00
8d23fb4e17833d8bf866d3ae3481a3cd,6e1291c1d47555fbfbf4fcfbfc13fb17,delivered,2018-07-24 08:48:10,2018-07-24 11:23:57,2018-07-27 14:12:00,2018-07-31 11:16:41,2018-08-14 00:00:00
e9977cc6d0f97447ef0f4fcc2e082fc8,9434d806ad79343f0380e4c9d87453bb,delivered,2017-02-07 10:26:05,2017-02-07 10:43:31,2017-02-15 14:21:10,2017-02-21 14:47:32,2017-03-06 00:00:00
e504f586e9ffc862cad95482af740af4,4d547b17f5dc533970786de8f7233eab,delivered,2017-04-09 19:10:24,2017-04-09 19:22:24,2017-04-10 08:40:05,2017-04-20 09:15:28,2017-05-24 00:00:00
8bfc859f734def7a579d24fe9b618da3,5b31d1ba9e2b08086f398b79477962d7,delivered,2018-08-15 20:51:44,2018-08-17 03:09:40,2018-08-17 13:17:00,2018-08-29 17:25:48,2018-08-31 00:00:00
3b1bf20520476dc7b150dd52f521e525,aea1dc2400dfb8eed8cc28b4f8f84faf,delivered,2017-05-24 21:39:01,2017-05-26 02:25:18,2017-05-26 17:53:52,2017-06-02 15:07:53,2017-06-16 00:00:00
778d960ed98fe278fca42ee20d002b1f,797b1107c9db6e7610141a5edc125009,delivered,2018-05-03 22:43:17,2018-05-04 16:30:26,2018-05-05 09:30:00,2018-05-09 21:36:44,2018-05-28 00:00:00
39c438f2a835b25cd51bbd1bed5d089e,94fc7152214303f351fb2a3a171d8386,delivered,2017-12-18 23:10:55,2017-12-18 23:30:12,2017-12-19 23:47:16,2018-01-08 17:15:47,2018-01-15 00:00:00
7deb5565bced95f67ceac6f5dc57d4f4,5a91625bc8965ebc869d9e5247df4673,delivered,2018-01-22 13:46:07,2018-01-22 17:37:02,2018-01-26 13:52:50,2018-01-29 17:28:00,2018-02-06 00:00:00
654236657c61378a35416f08170ff0ad,244c5781e9005c4d4ed312232b155b00,delivered,2018-02-17 19:32:41,2018-02-17 19:50:23,2018-02-21 19:49:06,2018-02-26 19:22:33,2018-03-12 00:00:00
e6d3b5b66f40a99ac01da49f4c543e36,5ad1822b8f9f79c3b54bcc1346280bcc,delivered,2018-04-19 07:24:54,2018-04-19 07:35:09,2018-04-20 22:26:20,2018-04-26 12:22:04,2018-05-14 00:00:00
7645406942825a748f5db38c177b0a5e,ab0703a77ae050888f246bbe42ae20d4,delivered,2018-01-07 08:07:19,2018-01-10 10:32:44,2018-01-13 03:52:31,2018-01-27 09:32:32,2018-02-02 00:00:00
2939b6d48c2488e276205bc547c56aac,6efbee10da96b631dcd2c0f3dcfccbd1,delivered,2018-01-04 17:32:20,2018-01-05 02:38:00,2018-01-09 17:35:49,2018-01-11 22:43:31,2018-01-22 00:00:00
5ad066b6e468fcd60b0d871bfa99112a,00c7e84c0c77753093b456d787638eed,delivered,2018-01-22 15:06:20,2018-01-22 15:18:30,2018-01-23 22:46:39,2018-02-05 15:38:06,2018-02-23 00:00:00
b4c45d4cc2a2e24e10d4e20bae928819,5feeb43744a61e50a53346dc3169225e,delivered,2018-03-03 21:40:09,2018-03-06 03:49:33,2018-03-06 20:27:46,2018-03-16 17:51:45,2018-04-05 00:00:00
fb66173878dcc988e4e3e1151901b298,5add6659c12e55e5d6379c8ce5786512,delivered,2018-01-25 23:02:11,2018-01-25 23:14:27,2018-02-01 23:29:00,2018-02-28 22:03:06,2018-02-22 00:00:00
53b48de8c162b1a00ace27c3c0a9b148,6cad8bda4d24c4f8c23b060739f09d50,delivered,2018-07-23 16:15:49,2018-07-23 17:20:33,2018-07-24 13:37:00,2018-07-30 18:16:31,2018-08-08 00:00:00
09a0d7c2cc6f652acd3537e7a91c7000,9462d88d82a551270b7c345a53aac7f2,delivered,2017-05-15 14:08:00,2017-05-15 14:15:23,2017-05-16 15:18:40,2017-05-19 12:59:39,2017-06-02 00:00:00
c7af2f59ff42f4410a1739111dbea489,896aac6741f1b66d32a3ef9a02617e90,delivered,2017-06-23 07:59:39,2017-06-23 08:10:07,2017-06-26 07:27:47,2017-07-04 18:32:34,2017-07-20 00:00:00
22df89b611e2a03b4957043cf949e51f,3703dabac361c6249a0d8d21564fb925,delivered,2018-08-22 09:17:07,2018-08-22 09:30:20,2018-08-22 15:44:00,2018-08-27 07:42:37,2018-08-27 00:00:00
82b1c20e33da405ba22cded4ff91d160,05ad208d1e3ae7d49fc33c89026327d2,delivered,2018-02-12 23:11:00,2018-02-12 23:27:43,2018-02-15 00:32:02,2018-02-17 13:29:45,2018-02-26 00:00:00
1c4b283e95602be28c975207016558f1,caa3fad70b77994e203633b13ea16118,delivered,2018-07-31 14:27:06,2018-08-01 03:31:47,2018-08-01 15:56:00,2018-08-07 18:55:31,2018-08-13 00:00:00
d95c203ba62b39ad3c3a2df8d5e7c052,b31b5ecd79d2528b3340abb86f5c2a4d,delivered,2018-02-21 23:54:14,2018-02-23 02:31:01,2018-02-27 00:08:16,2018-02-27 15:34:06,2018-03-07 00:00:00
3785ffb02b0b201a23df7daf357c271d,7cba2705c01b76fa986e0efd815d3b09,delivered,2017-10-03 13:27:13,2017-10-03 13:49:19,2017-10-04 16:41:36,2017-10-07 16:29:03,2017-10-19 00:00:00
832c61671b530bdc7d56880581bc2146,bc01d798f24a959b19dc8168975bf7ec,delivered,2017-09-12 17:00:49,2017-09-12 17:15:18,2017-09-14 21:50:33,2017-09-18 10:52:00,2017-09-28 00:00:00
38b80ac02e3ce34b306483fc57a33bc5,ceaeed79bef0496075037b3cc8eab28b,delivered,2017-03-12 15:34:47,2017-03-12 15:34:47,2017-03-20 12:44:54,2017-03-28 08:50:52,2017-04-13 00:00:00
cd323a618a599ad1cedaeb75d1d5b8fd,f68bb3a77af642b3618a3a67fa542e47,delivered,2018-02-10 12:33:00,2018-02-10 12:48:04,2018-02-14 21:33:25,2018-02-20 22:08:50,2018-03-08 00:00:00
4c074254980764fecff977c97ce88c4d,25b97380259fb4fa328c4ab94b33c81f,delivered,2017-12-12 11:14:59,2017-12-12 11:28:54,2017-12-15 15:20:27,2017-12-21 00:22:47,2018-01-05 00:00:00
07440dff5293ea24c5fac25a473c2eef,5941cab9faecc602df8b6e69150b9d65,delivered,2018-03-29 22:53:27,2018-03-29 23:07:36,2018-04-02 15:52:31,2018-05-15 18:49:01,2018-04-26 00:00:00
4abd25ff34f0b324cadc39a6529b05c8,48fd5f9b1d184c27ecb32729042a3200,delivered,2018-03-30 21:23:47,2018-03-30 21:35:16,2018-04-03 00:34:36,2018-04-12 19:58:30,2018-04-24 00:00:00
dc15d43ae100ecc5bac78d9e974af643,daf60dffd5783e6927f3660ed83ecdd1,delivered,2018-08-19 22:12:22,2018-08-20 22:10:19,2018-08-21 13:46:00,2018-08-27 17:34:50,2018-08-30 00:00:00
cd24256f456d55df11e3049017c86d05,846a4b8f5a1ef6bb498fdea341f425a3,delivered,2017-11-14 17:27:48,2017-11-14 17:35:47,2017-11-17 19:14:46,2017-11-23 18:49:02,2017-12-07 00:00:00
ca786c07fdbcd2a6beb42eab64c23a3e,e60d09530ea34dd2ad7a33d35bf73086,delivered,2018-03-21 17:50:59,2018-03-21 18:09:30,2018-03-23 00:05:41,2018-03-23 17:48:43,2018-04-04 00:00:00
fb469bc8a14b598d891a004c34546078,8cfccb3fb973f58b56ba50e213092e4c,delivered,2017-11-29 18:11:24,2017-11-29 18:37:23,2017-12-04 14:37:08,2017-12-08 16:03:13,2017-12-26 00:00:00
92f4f749aa508d58dee50d9ccdb6c9dd,5daf8a84ec87f4988b337626369c4dba,delivered,2018-07-15 07:33:32,2018-07-15 07:45:08,2018-07-16 14:55:00,2018-07-24 21:36:46,2018-08-06 00:00:00
4ed3b57567c08a15c71665d759230b6f,3488c223952176954f711d33db8c20a4,delivered,2017-12-09 01:49:39,2017-12-11 01:50:03,2017-12-12 22:54:36,2017-12-23 15:09:09,2018-01-08 00:00:00
699b7692e65138e6874b4c6f42202974,a7bc004b32eb75e7546d6b81d5b8fe44,delivered,2018-03-07 16:59:34,2018-03-08 16:56:24,2018-03-12 16:05:04,2018-03-21 20:20:34,2018-03-23 00:00:00
a5849d6f70582d4c5217bac6616a45fa,1373cf3dd7bd65ead85da26b09d4ac41,delivered,2018-08-14 10:03:50,2018-08-15 03:23:59,2018-08-15 08:25:00,2018-08-20 21:56:21,2018-08-31 00:00:00
0bc16cf0c58995bbc893af2e151534d0,7c6835555806136bacab36fd7fd8bb70,delivered,2018-06-03 19:34:25,2018-06-03 19:52:19,2018-06-04 11:16:00,2018-06-13 19:11:59,2018-07-16 00:00:00
def90fc6c7d21d34a14af3d6e4d866b6,c8830d8a8312a8b3b74370c4e61202ec,delivered,2018-04-14 13:09:25,2018-04-14 13:31:37,2018-04-17 15:11:40,2018-04-18 15:18:31,2018-05-02 00:00:00
ad9259e8a14df6ee75201925f28d4a8f,08a761b27ad72e5fa65e351ca23bb2f5,delivered,2017-08-29 15:02:12,2017-08-31 04:32:07,2017-09-01 18:53:25,2017-09-05 20:45:47,2017-09-18 00:00:00
99316aecfb3e31190e43714f7643a49b,cf72b318eb9cd0e7712a2c1bca227789,delivered,2018-05-10 22:27:24,2018-05-10 22:57:24,2018-05-11 14:53:00,2018-05-14 21:21:55,2018-05-25 00:00:00
5b7aed674843fc9b20d1c4cef543a761,d53c6b90e37d56179bc7524f9570c4fa,delivered,2018-05-09 17:23:45,2018-05-11 03:50:17,2018-05-11 15:35:00,2018-05-18 20:18:47,2018-05-29 00:00:00
309de5faf9baa8961fd068f3f4e44dcd,212faae3e5c3646879daad76a9f106b3,delivered,2018-01-31 00:05:22,2018-01-31 12:31:08,2018-01-31 20:46:45,2018-03-11 19:46:30,2018-03-07 00:00:00
45881387721786e660460cd8bfcb2010,bd7ca23c050b88950225b16f05d65e35,delivered,2018-04-16 20:41:12,2018-04-17 14:11:40,2018-04-18 12:38:50,2018-05-10 14:06:43,2018-05-15 00:00:00
42769a5163a34297f4458dbccf206b36,fa8aaa18814fdd364807cf2de3b57fa5,delivered,2017-08-24 16:44:37,2017-08-24 16:55:19,2017-08-29 19:27:46,2017-09-06 12:41:18,2017-09-20 00:00:00
4d34da0824213ee7962a5c5ed32b3f51,a428b29ed08b54ee2ba2c4f06f1a0172,delivered,2018-02-10 17:01:48,2018-02-10 18:00:23,2018-02-14 18:46:38,2018-02-19 10:33:05,2018-02-26 00:00:00
c0364ee18a0b18e6da5e7754cf4f4e8a,6842592a4cdd735bf3fd43ce522773ef,delivered,2018-02-13 11:35:15,2018-02-13 12:47:05,2018-02-21 10:53:06,2018-02-26 20:54:11,2018-03-15 00:00:00
9292a5004e4adeb999700abae47eb13b,3048281f246c7e5342d10ac837c5c8ee,delivered,2018-05-30 14:32:46,2018-05-30 14:57:32,2018-05-30 13:40:00,2018-06-11 18:32:29,2018-07-13 00:00:00
5cf925b116421afa85ee25e99b4c34fb,29c35fc91fc13fb5073c8f30505d860d,delivered,2017-02-18 16:48:35,,2017-02-22 11:23:10,2017-03-09 07:28:47,2017-03-31 00:00:00
e68a0761535bd432bb847f4ae7b7b4c0,d9d2cd20127873b3196b6847b7810504,shipped,2017-11-22 17:11:13,2017-11-22 17:30:25,2017-11-25 01:22:12,,2017-12-08 00:00:00
99dde9a4d6ee5c602380551b002ddad7,5229e43884ffd6794e9397bd346ab7dd,delivered,2017-09-04 12:57:02,2017-09-04 13:10:12,2017-09-06 19:05:06,2017-09-13 20:53:43,2017-09-22 00:00:00
b89601b4491425014432a96e02034092,be803b9fe5a431219ecfd15e355099a5,delivered,2018-01-18 13:21:16,2018-01-20 09:07:45,2018-01-23 19:28:12,2018-02-06 17:58:43,2018-02-08 00:00:00
717b5830932c155c67ba3232934a93c5,acec81168c11c0d01d9d5955a3d507ab,delivered,2018-07-23 12:50:09,2018-07-23 15:31:47,2018-07-24 14:51:00,2018-07-28 00:08:21,2018-08-14 00:00:00
343ee80178e16012130cb0007eac5888,aeed83f14583aecd0c82d49c45a833a8,delivered,2017-11-25 16:16:35,2017-11-25 16:32:57,2017-11-29 23:12:14,2017-12-20 20:27:38,2017-12-22 00:00:00
904d1d3bf21a8c56e931f8ac05d284c6,417ba684f004a0a409878bbfe65cdf3b,delivered,2018-07-15 07:18:51,2018-07-17 07:31:30,2018-07-17 12:07:00,2018-07-24 16:04:10,2018-07-31 00:00:00
20cae0a28869a4321d8fe372731f80e0,c3537eef72f2b883b3cbc75b1b9480b5,delivered,2018-01-15 23:42:12,2018-01-15 23:53:31,2018-01-16 19:34:51,2018-01-26 17:25:11,2018-01-30 00:00:00
f75517cfb973c21eab8559a870263794,cabb8af06c1bc856f52368fd7772e41f,delivered,2017-07-04 19:48:21,2017-07-05 17:42:57,2017-07-07 13:11:21,2017-07-11 20:27:58,2017-07-27 00:00:00
f05ef3ecdb7796d93e204c0a7ab76759,98fb13b264449f06da6834b86e0693a8,delivered,2018-05-30 20:36:20,2018-05-30 20:55:41,2018-06-01 13:51:00,2018-06-06 19:39:03,2018-07-12 00:00:00
d8c441318d48082352e8592142db807c,2a5ed0328806da6241e75520ed74d9e6,delivered,2018-02-20 15:11:50,2018-02-20 15:31:14,2018-02-24 00:32:20,2018-03-16 21:32:44,2018-03-12 00:00:00
229d2824e311bf2592b6b7ce32af04a8,6d257eb6ad859a44e9f7815a121cc9e7,delivered,2018-04-23 12:12:24,2018-04-24 17:22:49,2018-04-24 18:38:47,2018-05-10 20:36:02,2018-05-28 00:00:00
f12ff3c8b8e4945b4d0331a56df6ef85,833f9bfebc6895534e9567939653e933,delivered,2018-04-09 19:07:08,2018-04-09 19:29:44,2018-04-13 17:42:09,2018-04-19 23:52:34,2018-05-07 00:00:00
233f0d86db908dbeb6c2ae5675b31e71,bbeb2d228004bb46b49889f614f80c48,delivered,2017-11-15 20:55:55,2017-11-15 21:10:33,2017-11-16 14:17:50,2017-11-21 13:58:32,2017-12-11 00:00:00
0c11df2b80d95b1eabdcdf3790bb3347,498262061f04103f440f2e643da02027,delivered,2018-03-10 17:32:15,2018-03-10 17:45:25,2018-03-12 22:28:49,2018-03-24 14:12:39,2018-04-02 00:00:00
cd3e9759dc483946db2133168746fddf,8ebee0cc741eb27e8501e4b4e3c6422d,delivered,2017-06-28 10:49:33,2017-06-28 11:05:15,2017-06-29 17:01:55,2017-07-07 23:36:56,2017-08-01 00:00:00
6f6785dde266434130a2aa8af06a52b7,e19274edf7a9c51689822810be84c9e9,delivered,2018-06-05 12:14:43,2018-06-05 14:31:37,2018-06-07 08:29:00,2018-06-16 22:42:12,2018-07-11 00:00:00
af85e6e8c9f67f653b51429df7839001,b704f6bff2b0add361439bc7ff6891b9,delivered,2018-03-06 14:22:46,2018-03-06 14:35:46,2018-03-12 18:47:34,2018-04-18 00:54:22,2018-04-06 00:00:00
a162da83b66ff8c619d83b87c1de93b9,9dfa54220517b2eceea1134d006e2fba,canceled,2018-08-07 14:27:32,2018-08-07 14:44:55,,,2018-08-21 00:00:00
2e4d78cc067d04eaaf791ecbfb2bc3ce,5234fd7181ad48cc892aeffb5cca652e,delivered,2018-04-14 09:18:34,2018-04-14 09:31:32,2018-04-16 15:19:27,2018-04-17 23:18:32,2018-04-26 00:00:00
1674cd4deb921f97a794a8401ce9017b,710f531a591d1042892eb71a78499cd5,delivered,2017-12-18 18:30:40,2017-12-18 20:31:27,2017-12-19 19:47:06,2018-01-04 20:13:44,2018-01-18 00:00:00
1fbebbbba3149f89e410951ca531cae2,5b9e676ba4af242f149ba51d095d4f5d,delivered,2018-04-01 18:13:09,2018-04-03 05:50:26,2018-04-03 21:07:22,2018-04-13 23:06:30,2018-04-23 00:00:00
454b6ccf9f8f2c12b3a00ee763e027b9,01214c5f31d06b6da030e5825b431446,delivered,2018-08-19 14:59:34,2018-08-20 12:11:09,2018-08-21 14:50:00,2018-08-24 16:52:28,2018-09-04 00:00:00
29d3f2fc23b7f95b28dbe5e3ef783d93,cb3ee5f55f9cbc6ed99ee638a4c72613,delivered,2018-08-06 13:51:30,2018-08-06 14:05:20,2018-08-07 11:47:00,2018-08-13 19:12:47,2018-08-17 00:00:00
249ec92a8757d3abe81210827a19f08f,0fd9e022d3e82c6e05d0104ce129466c,delivered,2018-06-15 10:36:49,2018-06-15 10:57:42,2018-06-18 15:27:00,2018-06-19 19:57:19,2018-07-03 00:00:00
3a97b29009aa1ec54a67fd256b762b14,83f98a31688d3ce5de0bc10d5c375ce0,delivered,2017-08-07 16:31:14,2017-08-07 17:03:29,2017-08-09 19:10:27,2017-08-22 17:46:12,2017-08-31 00:00:00
008a40c2b8b21893e04945ce58854b55,a11dde3e6e22e6541818f5e81563bfc7,delivered,2018-04-29 20:26:41,2018-04-29 20:54:23,2018-05-03 12:01:00,2018-05-08 17:14:38,2018-05-28 00:00:00
ff54c442f3e9f50941a09dcf4e061e6f,c761ebec64b4f7a47b094442b3dbfe0d,delivered,2017-02-08 14:42:14,2017-02-09 03:03:23,2017-02-20 07:35:07,2017-02-25 05:57:53,2017-03-27 00:00:00
e06ff711ddcab05c3651a9b1bb003950,bc4e6f215af91483d54431baacb9506f,delivered,2017-03-02 11:53:33,2017-03-02 12:05:49,2017-03-03 14:09:15,2017-03-14 15:47:49,2017-03-23 00:00:00
9e711ba681b09da30750ac0fe7a0cc3b,0a9b989d01b6dcfb690b128b24ab3221,delivered,2017-09-29 22:53:38,2017-10-02 15:35:21,2017-10-03 22:42:51,2017-10-09 19:08:17,2017-11-07 00:00:00
f23a4132d42810c7f591d372282ae3eb,57690c2fc610a75de4875a2b9f1826e6,delivered,2018-07-18 16:47:00,2018-07-18 17:02:23,2018-07-20 08:46:00,2018-07-23 21:08:34,2018-08-06 00:00:00
132ab6f8e1c86c21b064ee8832129bb1,78d5661572968e9b17462be561afa42c,delivered,2018-08-17 16:53:48,2018-08-21 04:35:20,2018-08-22 08:07:00,2018-08-27 23:32:33,2018-09-12 00:00:00
ac8b3ecc5daa5b2d54a81b3ba337bf6f,769ff3a041b439485ac1e0db67d72fcb,delivered,2018-02-23 13:45:04,2018-02-24 03:20:27,2018-02-27 22:47:58,2018-03-02 18:08:40,2018-03-16 00:00:00
8ef3801f58da6b652a3082e1fa5b6589,5133dfd79e71fc9244e60dde0bb6229a,delivered,2018-03-11 09:17:14,2018-03-11 10:09:05,2018-03-14 17:41:11,2018-03-19 17:06:45,2018-03-28 00:00:00
e750c043ac98c8eb957cb52789f126b0,13cd366fe64b37786a0c7cf845d1711f,delivered,2017-02-15 16:18:40,2017-02-15 16:25:23,2017-02-17 15:52:55,2017-02-23 08:44:48,2017-03-14 00:00:00
4cea4082bde3d6f0846e8a5537f3eeb4,8b70e14114ad1b6f5050481b48c24a24,delivered,2017-12-10 16:03:23,2017-12-10 16:13:19,2017-12-11 21:18:12,2017-12-13 16:47:05,2017-12-28 00:00:00
