customer_id,customer_unique_id,customer_zip_code_prefix,customer_city,customer_state
9522d39cabd497bd4bc5fb1b226cd5cf,774efd8e5cc822162e0af7311d81f5c1,73780,agua fria de goias,GO
3d14ef1b615443e8569574ccf4c70ffb,57d2e3a4c3b277bea367027f105f1c02,83209,paranagua,PR
cf72b318eb9cd0e7712a2c1bca227789,d647ac91ff870deee189d7cd0cbf2380,09530,sao caetano do sul,SP
066a9e746ce5eead40d2afa9bccd3d7d,227dee340139e8c2f57bf05bcb1246f8,04171,sao paulo,SP
8ebee0cc741eb27e8501e4b4e3c6422d,8e990907b56d2383d3a39bf0cf9a3f42,65067,sao luis,MA
0266506e68e7eac1c7f726da057c28a9,3341514b8049f4a268e4188fb0211d34,03127,sao paulo,SP
08a761b27ad72e5fa65e351ca23bb2f5,620b267bdbb662197c42079245841d2a,13013,campinas,SP
67372e0bce729cebb559886b6c4d9e2e,c9fff85f2617b8e1a78142aa11ee962f,16057,aracatuba,SP
e4a1289920c7a33574e0433abd5b90d7,24cd37bf2e8fad096bc0b807541311db,90480,porto alegre,RS
bab91c3c25a207c83b5c95392df95163,7d5c4bcaf5e9ce14f2ac132ed39b1bb2,05890,sao paulo,SP
db1f2c9256482f22307b39827a99f732,aa591348866497ba6bf83de62e4f8813,75400,inhumas,GO
896aac6741f1b66d32a3ef9a02617e90,233c8f191c45cef30af148a82ac70020,22441,rio de janeiro,RJ
fb611ba8817096ba3bdc1d9807f5cdac,2faeae5eaf2e2e108f1473280bf919f8,25620,petropolis,RJ
1cd146c5b0b02ca65ae036c0dfcc2f3f,f570a5be59e27679024a0ff2cdf0fdf3,04569,sao paulo,SP
abda0fc72e1f8c32dd8291c542e273c5,7b6cf676f9a88c5559a3d881a35f8a70,32310,contagem,MG
279b18bebb145265c6490f1de02cd947,2ad33e0c71ed7c9e41a44e185ae05581,04917,sao paulo,SP
5c2bab9a09604f016d9ccd13242db649,b849f49416bd94ee6b0a4d36fce5b3a6,21021,rio de janeiro,RJ
fda9a2bf4f0b8d64bf713e261189a2bc,78eedca806b2985523d1629c15738a16,07411,aruja,SP
1de5dc5b831942a9161baef126e93870,d68ed97669e9cee5b36211dbc592f4b4,19023,presidente prudente,SP
3663cf3c9fafa9cc511c4d990ea35326,e80f396188991ae350a0c187e8740e97,07032,guarulhos,SP
0c6ddd0fc46185e7fd0bb6d767bf4d36,daaa4bd4b2ac37cd00efc852878b626a,77360,parana,TO
86d7e0b2821894373d67a03352affdcb,146f4256a3f10b6522215a138d9ac678,90640,porto alegre,RS
6e1291c1d47555fbfbf4fcfbfc13fb17,4746c99fe8b7985f53cb6885c456defd,73360,brasilia,DF
3703dabac361c6249a0d8d21564fb925,edbd256c62af7487800128f3c7ac7e9b,05017,sao paulo,SP
417ba684f004a0a409878bbfe65cdf3b,767f4654c72d8b9de7c937321fe1b78b,36205,barbacena,MG
6b05139c22666edaab8363c643187ed1,cfaea24d4b0531636fba2b3f22f2c919,04960,sao paulo,SP
4428f44a71d4ed03fdaa62d4ed852f12,3aaafeb4d8f3e1c48c172b1894f711c8,06793,taboao da serra,SP
d2e258817e38dd6847a2dead3bbafc05,0a3ce869b8386af24386cb035ce6f2e9,05432,sao paulo,SP
be803b9fe5a431219ecfd15e355099a5,12655f5ad85082fdeebd425a6c97d420,02842,sao paulo,SP
e60d09530ea34dd2ad7a33d35bf73086,c7ca47747878996a42d992f15dcf023c,03386,sao paulo,SP
9f953bb4452203555445d713827f1465,f38e382731af9143e1321a49534c395d,71937,brasilia,DF
d32c1be9389b63d5e611ae874bf4403d,6d9284ebe2826c96d9be5d939fd7b1b2,24027,niteroi,RJ
c7f827df881d513428043f6c8153eb6b,bdfcfb95b8d3e5792240bbd5108a7096,75106,anapolis,GO
dd22f1d0142d9698c0848674e843525c,edcc7ce9b67e904a02c89576d13e1ada,01314,sao paulo,SP
5daf8a84ec87f4988b337626369c4dba,c02250fc9f9a3ef97113f4cc1da3a89d,73900,posse,GO
8aac7e3ddd515089585bbab2b7d85aa8,1d34beeda3b2d9a16c418c0d1419bdea,45710,itororo,BA
178e6ac2e067591cde169461107ac469,bf67bc97810b5410358114fa589ba7d1,87020,maringa,PR
af31beb9cb1ad7f0dd644d33b9e9ea44,1135e8dd0e81f7774a8d597380ea949f,31150,belo horizonte,MG
887b8a65e05f6ac52b0084002f88b30d,bde6157addccf5749c409e1333ecb108,13045,campinas,SP
7cba2705c01b76fa986e0efd815d3b09,d1188dec6bca7728f5fce5f9dc4239b2,13145,paulinia,SP
a539b9d6f9045415d847df7fd525d2bd,59ea36903f78d0d954b0fc11c6203542,22793,rio de janeiro,RJ
4f4ed20c56c49d645e19d6e63e37517e,a5e903dd1104eac0c60b4ae4f61256be,22790,rio de janeiro,RJ
aed3f1f445a4ea906938e139249662a9,d6bc0e1efd0d78e7ca81be2865110c6e,04820,sao paulo,SP
e25f3c0da7eeb0dd9bb46770cd17a61f,29cf32aa7e303f6d2bb67ccb6be7cac9,44082,feira de santana,BA
8d0705b3e380f94aacb2c36ecc0bd425,728c940d821dd0f5b9cb7d77cba38803,08431,sao paulo,SP
01214c5f31d06b6da030e5825b431446,9cd889bbd0b3e67db9d57ff266c44d53,04739,sao paulo,SP
458a7594568f442693c952daece0fd1f,fb3c2b037eb60ad2234266e7ba955715,03088,sao paulo,SP
725ba0268900143556050bd3513a3369,6c1a470cc3b59370f0c874af9d0959dc,37540,santa rita do sapucai,MG
67a6887d8952c16de0e49e6ad2d6e2a4,e1a3369d056da99d86a2a35b3eb18ac4,30580,belo horizonte,MG
ecbefacde17c98967b427a3a1f98880e,54a6ac9eafde53270240650b842f57ef,22735,rio de janeiro,RJ
4e364c106217fcf45f21a4db793866bb,b18983823f3259d8f50a36496ea84a8d,07990,francisco morato,SP
3b0841e521dffa992a8ef9e4e00b2c9e,caca4ee1e654062eeef97972b8e24807,95590,tramandai,RS
5add6659c12e55e5d6379c8ce5786512,a46ae738be98cfe3a3459bd915ceffc9,94935,cachoeirinha,RS
e19274edf7a9c51689822810be84c9e9,854c37b10f4e835f6bc91355c9a7346c,05772,sao paulo,SP
9d20953453325b0f8badf470f570f98c,186e4b97d2704e8b76235b8d7c5d38ab,06780,taboao da serra,SP
d6e011b818659fed8cfa433ec3bee9fe,d9ad1a4f3055a4d3cba840034166b1a1,13091,campinas,SP
98fb13b264449f06da6834b86e0693a8,f27ce86890789e9bc697ee9d66e13860,70673,brasilia,DF
05e8586e1ca488defddd47b5be9179c3,f053e082c3563fa331d4cd0c5d8ec177,18132,sao roque,SP
b31b5ecd79d2528b3340abb86f5c2a4d,a1f056aa9823bc1fb8206b00a9be412c,06160,osasco,SP
a7077f133d9d048e55dc77a59d97c83e,f175a16d4e5581676e72c0d321d9ff7e,84015,ponta grossa,PR
5b31d1ba9e2b08086f398b79477962d7,f11555b4396eaa69a4c0980aa3522648,78705,rondonopolis,MT
1c141ff3d234a4ea775feaf7d0024a59,cc8e5ca7b38506fa626340b3c84b6d89,87005,maringa,PR
1b353c00c71689afba44554e43cc5a76,83c6df0d47130de38c99cebe96521e8a,80220,curitiba,PR
54c424fd34699c65ea6d0c12a80e4a72,3c1c6073be5e02b8f2c564a71d6874f3,04205,sao paulo,SP
1373cf3dd7bd65ead85da26b09d4ac41,cca0adec0a3b226a6f181d73f4387aed,81490,curitiba,PR
1e46b29a43929d0f05b69dc61a3668aa,714ffea1de3f5bb655da5a3a8294cc87,24727,sao goncalo,RJ
ef019b3cc077faf03d999168daaf8d07,ac5c80edeb6db099ebffbf3e53ddcd69,09961,diadema,SP
33a3023585bff9c06044bdcd92c95b4b,2e87695ef69b7236c17c1f1e021ed36a,92500,guaiba,RS
5044e8b37438c40fd1ec142dfb1d6807,9140d8cf5d92b74fd35c00e69a94146f,24210,niteroi,RJ
3048281f246c7e5342d10ac837c5c8ee,58e217b3560092a2aeb535376685dc18,89610,herval d'oeste,SC
70f95a47532d0a1ffd3b15302f61a1bf,34b6869483f9c2ebecee59d3be7f6416,38401,uberlandia,MG
00c7e84c0c77753093b456d787638eed,d691abbc71f38f91d187deedeb200290,84172,castro,PR
10101c15aec095b6078c8dd047739392,38fbfbb8a36e56ac7f401e5fa76f6aac,91280,porto alegre,RS
7dd4ca386e9a4add580925c77a483225,f5fb94d6a90c9c055bc6ea6489471601,84345,ventania,PR
a6a0a62ce165053b536f84be26fd22c7,81173dfefc72d08cc9b859fa647edd0a,13874,sao joao da boa vista,SP
544e77a62037110df48c7f23d0a320e7,4d49ed305390ff5ecd6ead3bfbdbd6b2,18720,paranapanema,SP
4d547b17f5dc533970786de8f7233eab,d3efd0ae3bee9c35f302e336aef87b99,66040,belem,PA
3ea256d0100550636253563da3e913bc,8c7be63e191ee9f0045e3b61a4d44867,29102,vila velha,ES
994ce8a078d9b40c268787c6ff42d514,77ca9de303d71489cdd541c373319818,76980,vilhena,RO
b593c249903e4280399e991fdbe8d7a3,afdd204d84a80bf0269cd6a84eb8c274,27288,volta redonda,RJ
3413b1a3a719cf261ac926114e3d3da8,fe86ce129cfeddc53998ddc884d92a46,21920,rio de janeiro,RJ
229d046873d7452a773c42e0f35916f9,30cc7860f832668d8fee80418948428f,13401,piracicaba,SP
7b795a9df1fb7368c9c00514370d5c4f,45d7843cd73eb1cdd0af569b6b6e626e,13183,hortolandia,SP
933bf00ad9a4f8bfd36bd85e09bd6cba,4ccacf05f1c687822fc379cec1a70493,04401,sao paulo,SP
1a13719d21dafc59a8a17846e0172f0f,21847820266c73e9c86cbb702e2ee3f2,13630,pirassununga,SP
216b824e1aa1817c80b40f8f2f8b246c,62bdd32424b656b8a1eafe5786bcdc32,89560,videira,SC
9434d806ad79343f0380e4c9d87453bb,5697fda4932c74e997cd7ed468d3abe0,21381,rio de janeiro,RJ
66538c9da66571088de88815faa7ee9a,8c9f376c4c714c1afd0255c7cd38b492,30295,belo horizonte,MG
72430ca7638959110ed1dcc035402546,d1253237cc6eb7a60bcb018343642b0d,17300,dois corregos,SP
f160aaf480efdfa7268f0fa535f73e76,2d1bf256227e4d22d10ea6c0b81809d7,96900,sobradinho,RS
f68bb3a77af642b3618a3a67fa542e47,23d400ad6551160747b6372767a586bc,31578,belo horizonte,MG
499311489d89baa6ed8f9f9f1f3758b8,601725677c1484660662470921a9f01d,03605,sao paulo,SP
a11dde3e6e22e6541818f5e81563bfc7,5c88de047e539f2ed9a643b3c7522f14,17250,bariri,SP
d6708bbbd2d419475869a84e41f620a1,12bf514b8d413d8cbe66a2665f4b724c,30840,belo horizonte,MG
a88f6b2e3e51c830e4850876c911fb8d,3867198d50d68da57284e0cfec9d1902,47850,luis eduardo magalhaes,BA
254a99b66d18dc590fb0b5e226382afb,9b97ef812444a46c3eb4d21ade18bd94,36010,juiz de fora,MG
250db83427885000b3aa996cf9dc3a72,4a6fae603f245a9312b737c601aaee78,24230,niteroi,RJ
498262061f04103f440f2e643da02027,e8001d7ab27230c1f2fb39aa63aea136,28300,itaperuna,RJ
226236428096449139ada8b6e6bf4136,f75bc8b1aa3841ba66a6cf79255d3486,89820,xanxere,SC
bc01d798f24a959b19dc8168975bf7ec,dd4f1f5038183f09bdaaeff43ebfdf59,04556,sao paulo,SP
3e2c76f875903f5937c2713907124051,41c42af2699fa844ade7aa352aba78d6,04195,sao paulo,SP
de67b8bed7fa293d54466d66bdaadc62,1af6a4167ec3bd3d41226dd8e0ec063e,09725,sao bernardo do campo,SP
f9ea98973ad5377b86d588b734afda06,454426cdbe8229d900b78aa314e386ba,80050,curitiba,PR
3b4d546d0e5f84a84c5cd3034c557b72,3deda78acb25da21d9e439aa39ec6ee4,37660,paraisopolis,MG
ab0703a77ae050888f246bbe42ae20d4,ce4630b1709558ea3d46969c4637a1c2,30710,belo horizonte,MG
8e4a0eaf18400c5715796fc724708d00,da56ade83334e416439ec0cbe4b666d6,41680,salvador,BA
56d9e13e6894b123c090a253757182a3,71b6cdf99467e93ff456a368eb86900b,55170,brejo da madre de deus,PE
c68f1a0b156eeb49b2b3168e4ab55681,2aeb1b7d567e9e232a56cd0b80ec94fa,95200,vacaria,RS
7e65f2e10589a7e3149badfe2d5ccb42,21c746e9ba5ae5956248b2db75515483,07192,guarulhos,SP
ffed5d4f6245fe13cd57054621eec36a,01ba3180d3c6e7a6e269c5a542985423,09371,maua,SP
983286740ff2d1fd74d499fd1a711de7,a2b6e488aad29c0bb3621a5a9c5a9d41,83010,sao jose dos pinhais,PR
53c9811a9eed9e84d267b8a929840882,4474178cac55e98fa8fb5aeb55c9a06d,78043,cuiaba,MT
b965b22eb0be25b8a06e11e390c4ffb8,51888dc2073cdc153ece50f699ab8ec7,06765,taboao da serra,SP
25b97380259fb4fa328c4ab94b33c81f,1a42398a1e0806c36cc9aafac8a34df5,14177,sertaozinho,SP
16292a565a0a28cb79837f9e0aee1ffa,aea7ab8a59e1b8edde8454fef6dbc12a,81450,curitiba,PR
1a87ac7d56c7f9d337a271a7c157184c,04effeb71dfa28a5096368addc3994be,05730,sao paulo,SP
a0a88da4a6858c8d7cc650bbd21949e8,d9a5ebf62ff59b5cef9e4e36b6a76f7e,97030,santa maria,RS
cf78fe7532c375731b3d6ce693a8600c,05888a33939ad06881d380349c0d0b1c,80230,curitiba,PR
0324eee00643cd63d11ec25cb930d53e,3d8b5f7499ecd5b1d995bb18d9ef69fe,21770,rio de janeiro,RJ
eb47fece1267f094ec35bc6efb35b9a6,e81fded4dcd87376e7d8ff1bc8e01cf8,13406,piracicaba,SP
70f455685561519d6a7770423cbb01ee,c81c9108cffad3027309e6f0ff327de4,06704,cotia,SP
be0e2abfe1e57a99b37f471ba7380aa6,fb3520ada3c1bbc8b1b978ab735370aa,65740,pocao de pedras,MA
9b079dd2ab921fbefaa935054ed0e183,d9d7323fcb35521dd088e0e0ad50e8c7,09691,sao bernardo do campo,SP
6285f604fa70a13975a094497da3bf6b,b38732950105417b181136c00f9fff9d,69908,rio branco,AC
c8b8fc6a174f7e78125428ff2e452cca,d5abc2b56863ca7eddbeef26361b015e,26310,queimados,RJ
caa3fad70b77994e203633b13ea16118,b617fded6582af145caf2e8276e21a66,19840,maracai,SP
daf60dffd5783e6927f3660ed83ecdd1,3a6de17201bd68a1fca5da3603f90eb6,09390,maua,SP
e630c8a8b546a3a6486ccdca9cc6eb0a,ebcabf25f7c1fe3f0b1dc696cb94f1e7,13411,piracicaba,SP
25fc5fcd13751095236ea257c9cfb62a,ff4050535c1351cd0b834ccf1c9d07f1,23066,rio de janeiro,RJ
606526aa253b452a350ce935064f6418,9ebc06ad695ee9ea7a4aa816fbd3f1e6,97015,santa maria,RS
3ba38209ae8f27771c90ec6b410f2043,91798cca876208ae649532488494682b,88915,maracana,SC
b14a788b10030beb7ea368ea345caf7e,7272e57415c0b45aacfcc713430ae98a,03685,sao paulo,SP
9024b6b926dff086c50dfd85762b9a45,a738c21ad87105ec4bcf95afff07f224,22783,rio de janeiro,RJ
cabb8af06c1bc856f52368fd7772e41f,38d1d975968b0fc361aac11b1b18ab34,38082,uberaba,MG
cb633030180d869d7bb76aa783a78b6d,bdd790f120738cf7ae6c93b292f4dad2,04726,sao paulo,SP
c3537eef72f2b883b3cbc75b1b9480b5,f6b24980bbfdc9bd9420a481a20f5f64,08190,sao paulo,SP
c38daf55356a31e900fd1f44eb1609d5,af6a2de82194f10015a08e0def0cf911,36570,vicosa,MG
bbeb2d228004bb46b49889f614f80c48,38a3c2eb6f3a9c08efff963c5a551a7c,17012,bauru,SP
ec980872eea3778facea3e17ec48107c,ed18ac3d4b68e1401845d3e48636a8e8,22440,rio de janeiro,RJ
07c457249ec4f7f19f0244025b671ccc,e5d380f1cd5c220fdab47e0245471013,17690,bastos,SP
829d3ea58fe45816348ab857d059a6ae,1a8e0392b6e9191dfc159e9688fa1a43,03141,sao paulo,SP
05ad208d1e3ae7d49fc33c89026327d2,94f48c018010de09d9c471e5d819ea05,02041,sao paulo,SP
57690c2fc610a75de4875a2b9f1826e6,eed928b8e9367862e039a6fc6b99b193,13478,americana,SP
508477b76a482e31673805fe43e12760,90b8655cad0249a3486a2fd8c8a3f4a6,11065,santos,SP
6d03d9c7d95db6de5b59aa4d7218ec07,1cda4924a950d149dc93db0ccf548933,03071,sao paulo,SP
0d14d28bc941474750feb2e030e54460,329932a796b9bc326d71e3b932182cdf,04849,sao paulo,SP
7c70a35d01718282e98dbe56e2765377,e3ae16d19be5cf256fb51663e6bdb073,04243,sao paulo,SP
4d916e585f3bb295dbc15dafaeaae8ed,9433a8f8dc53df230460bbde1f7cc734,22060,rio de janeiro,RJ
bbe208ab812ec207b4af5580b64e68cd,6d4f8f9b9520103722945bb5ddf878d2,88036,florianopolis,SC
dfb941d6f7b02f57a44c3b7c3fefb44b,8d50f5eadf50201ccdcedfb9e2ac8455,04045,sao paulo,SP
b970847909a71ab7da63fe4fa663987e,060bd06fe5f9303d3dc2c78a69afb684,15501,votuporanga,SP
1bb2273c4c26af24561221cfc4fbd7f1,647afdb8a120547075e55a9dfeba6bcf,08451,sao paulo,SP
5234fd7181ad48cc892aeffb5cca652e,c4aaf56cb82d8cafad1c2281fd3e3bd3,91550,porto alegre,RS
22a7b639ea009c1e430eb43244204bda,99897fc63e00fd2cdc6d2f3ab36af9a6,18685,lencois paulista,SP
b253ab4ce264a72304410c04d66e3908,eb558f96a4145d74586480071f6e7c88,35500,divinopolis,MG
e1ec5ddd749cd760a0c408a40ae5a4a3,3b253518af1e74199da663e4e5be0ba8,57017,maceio,AL
e9fbe7886163acf808479322d2b87ccb,2f749dd89d87f7152b35121a5693a684,45028,vitoria da conquista,BA
98a0dc59ecc82225fd647c39cbdf1494,9dfafc5d068fcc52a9ea9f28a88bc4fc,98300,palmeira das missoes,RS
07c7380ec99877459637515df52ee55a,3799155bba777b02074b6494271aa522,03669,sao paulo,SP
86d44d270b72592dbef78de27ec82d08,e90232e0cd21ee07204d10fd88bb0c97,04042,sao paulo,SP
7c6835555806136bacab36fd7fd8bb70,52b4d6e94fb6a5a216c9df0ac0b90758,79540,cassilandia,MS
acec81168c11c0d01d9d5955a3d507ab,acdc891424230535bd0833a2ac9e4c2f,13846,mogi-guacu,SP
fd5ddf911dca5e102a4856a2ace88a09,69de2f5d39283da764d28336701fa8e8,01013,sao paulo,SP
09aa1b31dfac63e1e90d5ddf79560f86,698ffce09a7b0d5674f46ed3a048bb23,24360,niteroi,RJ
77dc1be4c4766a308f7c7516b732a825,ea6f35445410a3f7e74c018be1642995,59151,parnamirim,RN
d6ea3ab260c02dc5a2d6270e7d49286d,ad7c13746d7ff7208d89765f407d40f4,66080,belem,PA
aa7aba441952b013edbf055028d6e7dd,021ab4ee1c733fef68ef3ddbb6c4ea7e,12954,atibaia,SP
aea320a768b6bf82d76979c16260e2a9,11f1da7f54ca7505e5d1b255774ac6d6,31130,belo horizonte,MG
9462d88d82a551270b7c345a53aac7f2,77ece4bc1200eebeef65ecb4fe0188ff,37410,tres coracoes,MG
18e2faab25e5ef1ffc283ef3775b9a87,0856d049bb504667a1a2c34d75af0061,32010,contagem,MG
8683c94ecfeed1552bd8b944bf81d66d,1d4da7e898d7b434bdc2a1628efdbd4d,26216,nova iguacu,RJ
ad66699beab381d0747605f108cc02b4,29b186723b197669f69b7d63c3e27c07,21044,rio de janeiro,RJ
94fc7152214303f351fb2a3a171d8386,a90d5eb21d1ee630c63f984b78210dc7,02859,sao paulo,SP
48fd5f9b1d184c27ecb32729042a3200,772d34fd17482b75a4e3e1f59db60f27,85819,cascavel,PR
9dfa54220517b2eceea1134d006e2fba,6e5ae65e6fe7ab42b23fd320e88ea33a,22470,rio de janeiro,RJ
ae8ed9c83d32613ae9f7e6c72443cdbb,0f04a72a4b5d5889a83916f2342c9123,09415,ribeirao pires,SP
072495211b56605859c385bdbd35103a,a7aa43bfb35e39fb77b26123d0effbbb,18055,sorocaba,SP
3ea720b336a4ee1c2a5fa2b77cec0d48,ee3f2b083f171af669ce297c27b14df3,15030,sao jose do rio preto,SP
6d257eb6ad859a44e9f7815a121cc9e7,0b6fd62cf64dcca5a883c0d159a90e9d,55814,carpina,PE
aeed83f14583aecd0c82d49c45a833a8,961e5601bd093eed69dd3e864ff4238d,54080,jaboatao dos guararapes,PE
846a4b8f5a1ef6bb498fdea341f425a3,e307b1e265fb8e6fbf392aaf8f4fc93b,05092,sao paulo,SP
d00682c2eaf70db1869809d2fbaf7aba,556ae943ba81f78f9d6db9e9b7ce38d2,30180,belo horizonte,MG
722dd6e14d2f43121531d24edae4e1e7,98f8611de8d2946b6992c022899bcbbe,04087,sao paulo,SP
5feeb43744a61e50a53346dc3169225e,0ea72bc8d992598af459f73c9969837d,20560,rio de janeiro,RJ
f9f0c70f7f91d4bebab7ed1cb0206489,a410644642278171ab477d7eaff0d877,23894,seropedica,RJ
80acb244f16eb759ec0bafcb47c21cce,837525782a99405a7e8d6f3795240da8,22030,rio de janeiro,RJ
5941cab9faecc602df8b6e69150b9d65,1a84bb2f089e3c719176f7cb5648276c,49490,poco verde,SE
d53c6b90e37d56179bc7524f9570c4fa,f567a12b251dc3a5eadcd126e00d4f4d,16200,birigui,SP
06d529bccb0825265d8b5b73c66e53d8,8f2afd41c8f5e3862f4882dbc9f624b3,55644,gravata,PE
3f0bd16414d5fee5cb1d19769c3c825e,6c20a0d058797463344295d2df549503,02613,sao paulo,SP
bf96e70ffefc1f625f3db89f1949af48,ab6bff1069c7a985a00a92e7d1f0f321,13453,santa barbara d'oeste,SP
aadf2752fbf607535468b271f7f7d094,6e24457b3e5fbcb86beab8de6c1e9c21,39100,diamantina,MG
6bf7cea1d53d6e27e5debdb2d5049ff6,86d8261e5b348801fec7bf7ed0726e39,15053,sao jose do rio preto,SP
567e09a51ff57f2f6ef54ef2dcb742e8,17dcb8c62667824b3e3755a5b680ebc6,06540,santana de parnaiba,SP
b9662bb6c6a36059b08d2ade7f499d65,21f86e97c14e9524ace161a8c9decf5a,02408,sao paulo,SP
33b83055b03f489566ebb99c68d45cee,068b73f9995e1550291624093d1a2853,15950,santa adelia,SP
82141426f5565b47a8b8433342024da7,7b15d3cbd163f636a2e28c3edaea9a2b,13188,hortolandia,SP
add7aa6095dd2aae6b8d70d022bae3e5,a5bbd6eeb5346baf703a636f93182379,65066,sao luis,MA
36a52cbef5f4a32aed0c0215995985d4,bdf66f18d41be7aa7fc10dc72e188357,63125,crato,CE
515dcc3641e65fbef358398ae6dc91cb,31cdd1df0a1e5ae952d89a5fe0d6eb15,95700,bento goncalves,RS
797b1107c9db6e7610141a5edc125009,fde381fe79993303957d1fcf9cd6bf4a,18035,sorocaba,SP
e09c6265f1f8647749be9898aa511e98,59e9260732bd3ec2fbb4bebd61acbffc,01424,sao paulo,SP
18f711d8d5d66c0a2d470f4b851e8038,7653c3f4b98d701843c6d9a411ff6479,13380,nova odessa,SP
f859fb23e2e8315da5d17d72d4f372f5,226d199a40aad52319f9dba92f46db66,30380,belo horizonte,MG
5e98755f49cf29e4e9e87d81d2f86db2,8959d4251989df68934d67c1d32c5718,39390,bocaiuva,MG
f6750b796dc102521e62579639ad43b1,4a2068cc616de2b18994f46cfe1a3d4d,72450,brasilia,DF
6da7fdc344021e769a846085968f48f0,4db04f3853752458316271e5a12f422d,89600,joacaba,SC
91da5278c565f5d5d22b3724ec4839fd,83d4f03665f228247540e9d373cbc65d,89037,blumenau,SC
cb3ee5f55f9cbc6ed99ee638a4c72613,a37fc2f55cb2f185411e5c9b7b0f0bdf,07600,mairipora,SP
59227a9b6b75b6c0612c26336eec0a47,edd5bf7a832faf132ed09bd37bd78438,14115,guatapara,SP
6842592a4cdd735bf3fd43ce522773ef,376fc5da2c32f3f7b67de2f142d38c5f,01228,sao paulo,SP
650a73a3bd9b9aa96aa43406dd84fdab,da213261705e114a5d85e48535abf562,04455,sao paulo,SP
7f6cc609946a187554550e1a9192a46f,35da9093ca6f1782bbad4b328e31f35f,03378,sao paulo,SP
15377ad18854e02069af4900c8e4039f,4338059435dc4de9f8f3ab662f62ab01,96211,rio grande,RS
9388bb1d7e8b53211cff72e787efb6e7,5d9e7d998439876056905e04fd60c5b0,22291,rio de janeiro,RJ
afc216c58cdbe8ed9cebe1495b155a86,5ba3404c4dea10b76ed8db6f1999b012,37504,itajuba,MG
5a91625bc8965ebc869d9e5247df4673,1ca4f00dcc2c13e13a12565449fa87db,06816,embu das artes,SP
f40f31f8bfcc5f74d9d246354b90af09,8e62db6f625288ad4792855f994abefd,31050,belo horizonte,MG
8b574f4c72ba3539b5a1cfe2429352a4,9300ffeb6ecbaeb37ebdb2120a28e1aa,26221,nova iguacu,RJ
3eda5c7e6340baf62f38dec00856a877,fcecfb187df6e865659cfdc0620b06af,04230,sao paulo,SP
18715b86f15b55cc06dcaef3708656c7,f1222bacdff89a25eb29e54eeaabbe6b,27281,volta redonda,RJ
ceaeed79bef0496075037b3cc8eab28b,7e2b5ad4ce455201b8264ff03f72ab6b,12216,sao jose dos campos,SP
894337b29433786ec770ef5bf5475cba,872cc08a1ec02f94f728a1eccfa7a80b,09290,santo andre,SP
bff5a17c6a2c64100921da9fe9591a43,95ca2c58fa0c3425b47e477d1c7bb829,45836,itamaraju,BA
5133dfd79e71fc9244e60dde0bb6229a,4b4c2d367706e25e519323e9d57271b6,13171,sumare,SP
c8830d8a8312a8b3b74370c4e61202ec,8b433c0e7b7d2a1f1148b4277cc673f8,01221,sao paulo,SP
a7bc004b32eb75e7546d6b81d5b8fe44,7e7730c025f8195d40ac4d0050fcf37f,31160,belo horizonte,MG
0fe01041704b943d5c7905323ea63a2b,7bc69a06edaaaa9d75b6950546ec94bc,95703,bento goncalves,RS
6efbee10da96b631dcd2c0f3dcfccbd1,f80352378d6ff6454ac8cbb9b68ad4a7,18074,sorocaba,SP
1d4ed7b29c69512e9a142a6a5c52f5d0,cae76dd4d838ce8f3f152baf0784c9b1,20251,rio de janeiro,RJ
23304f69dac259edcc18688d38ab9250,535d35b2288cbdeb6a7ba74ca2173213,20940,rio de janeiro,RJ
5229e43884ffd6794e9397bd346ab7dd,fa8e13c098119467f86bf2d108eaeadd,34001,nova lima,MG
2a5ed0328806da6241e75520ed74d9e6,b49b24b28a12e3d89eef761792dd3aa7,14230,serra azul,SP
fdec684fa0be036ee7039f3edf5a0323,fae0d2da216f5c93d4a04188cac2c52a,91215,porto alegre,RS
83f98a31688d3ce5de0bc10d5c375ce0,da1350640cb6f44df284977b3acef692,71919,brasilia,DF
3488c223952176954f711d33db8c20a4,7ac51a9e42528f933b21dd8be915e774,31275,belo horizonte,MG
1fa1869a410018e63e73c5a1fe358492,eaa290405cf65ee6d656ec9c4000b297,29450,apiaca,ES
769ff3a041b439485ac1e0db67d72fcb,f3ea9af565ef202ad15bcfde52697efc,39690,malacacheta,MG
3ebebafcab1829291818288df19d4def,7311b47a208b4f5af09ccc62fafea9e2,20040,rio de janeiro,RJ
5ad1822b8f9f79c3b54bcc1346280bcc,73b8cd05f8b04f402a513776ed53f5e0,74366,goiania,GO
067715fac053f8972e3887e3784e38f4,4fb2e7406e0e99946ce171d6d7350e1f,04022,sao paulo,SP
24cddae2e51926ae7ac40c628a8338ca,8111e35251e270e133f321c2c39b2a9e,88058,florianopolis,SC
bd7ca23c050b88950225b16f05d65e35,1985f70726392d294f0c9a247cb95590,55296,garanhuns,PE
6995decf2663f921e8dfb49b3e7b5b9c,5f7960decfccb628cea4c3f2c4c7c370,13087,campinas,SP
2f2b6326403a1044d7c1c951fa3867f0,f728be7f9d69b14f9d1673a016184b1a,51020,recife,PE
fef6ee8cb0a99f0fa68808e0fadca078,886c8a8c924043f8fa45387ddd9a16f7,19906,ourinhos,SP
da5bd8e328c797b2d8f4d7199d5e94d5,374435e2f0f48d047373cdcf1df86d8c,06780,taboao da serra,SP
ceec04c1f9846950a467eee17ccdfb85,34962563ebeec9ee2399336065fb09e0,05351,sao paulo,SP
9393744f4214f430a813fee1316567e2,927c1b4bd2d326409fd16eeedaa9ea30,48080,alagoinhas,BA
c947bd7320af6ca068c7ef4389693173,28b358cbc7d077bc3bfcc788bade155c,04561,sao paulo,SP
244c5781e9005c4d4ed312232b155b00,4ee952a26c5e8af732f1e08c163dff5f,14783,barretos,SP
8e7952773b680825d0c65e05592440e7,b9d9da6805f069d2324edb4952e9d0c7,15685,ouroeste,SP
78d5661572968e9b17462be561afa42c,904a6a8c41db7927d4bb241b306e539d,84350,ortigueira,PR
5b9e676ba4af242f149ba51d095d4f5d,adda0d6fc1c16cde6a95d6bf6041558f,86084,londrina,PR
29c35fc91fc13fb5073c8f30505d860d,7e1a5ca61b572d76b64b6688b9f96473,62700,caninde,CE
e6dfd24ec0d6e4e7002fa6dca5bf55a0,7a76f872eec388119a13858df1571b2b,47950,cristopolis,BA
710f531a591d1042892eb71a78499cd5,956a5b68d7a800491cb49a2a10f00d0c,56304,petrolina,PE
4d575680ce2505bef7485ecf1badf1d6,067d22395c78dfe68b327a9444ea48f6,09661,sao bernardo do campo,SP
b36aecddfe5ccb0971ba9de40729416e,29ca20390ebb1a670b4f22c0bf757b7c,13070,campinas,SP
833f9bfebc6895534e9567939653e933,cf58b0a3959d683b2702baafc2544673,28907,cabo frio,RJ
8b70e14114ad1b6f5050481b48c24a24,ad9f17317092cd1f0c69407fe5e2107d,09720,sao bernardo do campo,SP
6e99733532423390e0d537024ac60812,9a74735754d42a0593bcf6356ab369e2,95920,boqueirao do leao,RS
d9d2cd20127873b3196b6847b7810504,bf9605839bc246e37340382e39491e79,02989,sao paulo,SP
f7c89da122bf0065f6157a4c19bfe24e,f03010990971a88c965c821171f93010,80250,curitiba,PR
246295516c97fc54aa274c6fd2222602,7d3d94b4740895a17760e976797f9f0e,73752,planaltina,GO
daada56f7d2e74dfd291d652b7e03ac2,b830bedf28690adc283cc2fc24a61768,17160,arealva,SP
c761ebec64b4f7a47b094442b3dbfe0d,d4d43f25b59d9e22be5c238a77c52eb3,22040,rio de janeiro,RJ
13cd366fe64b37786a0c7cf845d1711f,5b976dd4f77ac841d7027290494b8dbe,01228,sao paulo,SP
33c7436be4e08a85eb14b56f24f4506f,7c7549c421f7dfb5b3b993c83ccb1274,88063,florianopolis,SC
d3cafb429363e1c6b3a3af369e31728a,7f7126b230207b8c24086dfb5f408ec3,99062,passo fundo,RS
212faae3e5c3646879daad76a9f106b3,72535bb4d0048ab6c69d0364ce0dee54,94500,viamao,RS
d8d953c123168b787dceec29e08d08d3,157cba90d59357f1e82a211874b89e59,41720,salvador,BA
5681c6fa141b43aaa13277dd0fd30b76,6edb6d37f4e385515f898b31dafe8fde,89270,guaramirim,SC
6cad8bda4d24c4f8c23b060739f09d50,d042146c4da00e3add955504c7740785,83323,pinhais,PR
bc4e6f215af91483d54431baacb9506f,934bc5960242b4b13910b02da54a6499,33080,santa luzia,MG
c0ca3b0cd457d58573982009c592f913,0d153268371aa25450d4117ff070277e,29314,cachoeiro de itapemirim,ES
a428b29ed08b54ee2ba2c4f06f1a0172,bdfd71dfee6faa67122cc7cdbc14d9f7,03707,sao paulo,SP
c1ba054116e13a367a09a45be363525c,bacfd927a67bc4cdbd5912606e830e35,38570,guarda-mor,MG
2110656d0356c5d1d3c7f1c7bce0e319,1545f2408959aa8478cb267d8429e642,41830,salvador,BA
cb3e59ee986f4594de1982df4ae214f7,5fba1267f14b938597891c1cca2aec83,13087,campinas,SP
b704f6bff2b0add361439bc7ff6891b9,87c966979c823236e0d541e7618f12d1,20510,rio de janeiro,RJ
aea1dc2400dfb8eed8cc28b4f8f84faf,558f30ef40ea639bb2a653de68b87c96,13760,tapiratiba,SP
89fe1107a7a7a8e70a256454d3da5335,cd8b7fb73501d01b71552fa7dd310083,05415,sao paulo,SP
9111c8e96c761096f6fbe14a3a539f5d,aa682fe324897a3a7e73bf2591ffc4ba,13223,varzea paulista,SP
20c678bfce3c8252288f70dd2bee5e51,a59129ed35da4c3e3f2a005b4c6582fc,86081,londrina,PR
fbf9c2e3c687f16df64422a9c855b8e2,6059cde3ff567c063cc2af56ca7c47df,21750,rio de janeiro,RJ
7838d18f32fd8c01bf0712b588663c16,4f565e623a2b39b6b3d36aa1678f9e92,16072,aracatuba,SP
0fd9e022d3e82c6e05d0104ce129466c,8a90c3e2b92d45ef07713a65eaddb41e,04302,sao paulo,SP
686427538716525c9b1b699caa2bd8f7,5b8a75e77489899ad9e6d57273aafd7f,86960,barbosa ferraz,PR
b4111141220267ae8e763af405bc6469,5d9cec5f168ee6cdd275168ed54797f7,63011,juazeiro do norte,CE
fa8aaa18814fdd364807cf2de3b57fa5,840739182853bbdd69938b37f6d87c1e,28770,santa maria madalena,RJ
ae8103a85db8c3dfc90a0473e90db207,39d84f98d086e195f0879818e81a6767,89259,jaragua do sul,SC
0a9b989d01b6dcfb690b128b24ab3221,4a333e04d23005c217ed0c15b132c94f,28880,barra de sao joao,RJ
1cb19e72dbe69d9091b464032caebb40,20998bddec67bba3cc5765fc21ed6f89,28908,cabo frio,RJ
680e38a70d371582570f41cc47dc2791,713110abe5de675d1513356694fe095a,13503,rio claro,SP
4233f443bac7d7de2c4e6782763fa516,ed7a7ddd472228e549caaa460f9d53ce,44200,santo amaro,BA
39bb2424304a318278cf4516500c657c,cdc6cd6f0a8b8f844db9a61e779055b3,06270,osasco,SP
7372fb39ddd5b2bcfb9466a66fa69dd3,6aa828fc903b810472cff927dd42b500,37504,itajuba,MG
8cfccb3fb973f58b56ba50e213092e4c,eefe1ea56c1116469d9f0a77b903a188,13311,itu,SP
d14a98aaff22268ebdcbcd6acb7161be,2af0911d94538ca50b926691a15d98d3,36884,muriae,MG
