review_id,order_id,review_score,review_comment_title,review_comment_message,review_creation_date,review_answer_timestamp
77ed4f94b3638d1f0b0a2dd781c11a8c,5f8772295e1adb4e4832c988d6b631b6,5,,,2018-04-10 00:00:00,2018-04-12 10:28:20
30f2619843ddd4a19bbcb306669d2bf0,5bb8d2fbca419676d395687e28f5263b,5,Muito Bom,Só imaginei que fosse maior a boneca. Mais é legal ,2018-07-24 00:00:00,2018-07-26 22:37:06
642be66d80f7dc6f5947f84daf557d4b,22df89b611e2a03b4957043cf949e51f,5,,,2018-08-28 00:00:00,2018-08-28 13:07:10
8b966e3d0515ad0d17b1f925a70f890c,261e71d2349c713eafa9f3df5972b95d,5,,Excelente.,2018-01-31 00:00:00,2018-02-02 22:37:57
8405ac15950641d7378ab0f2bac5e592,d5d0829757e3f168a603b3c272d96fff,5,,"Gostei muito do meu produto só acho que
os panos poderiam ser maiores, mais está
Tudo certo....super recomendo este sitie,
entrega muito antes do prazo...com certeza irei comprar outras vezes.
",2018-03-16 00:00:00,2018-03-17 11:54:55
94151614bd1d3cf4b35c8683231d893f,e19a8635d806af6ae2d20b3de998b0c8,5,,"Entregas corretas. Antes do prazo estimado 
Melhor preço da internet.
Amo comprar com as lannister,tanto no site quanto as lojas fisicas. Sempre tem promoções..
Muito obrigada muito satisfeita .",2017-10-07 00:00:00,2017-10-07 21:46:54
98eb570576145a526903ffef8ab09930,6c27984bddb654e222cd1b9a238d2e74,5,,,2018-06-05 00:00:00,2018-06-05 19:45:18
2202268b4d7bb8d133ffc1eb22dd1967,2282f08c7a3e5bc3e7b84bb444d6e1e6,5,,,2018-04-27 00:00:00,2018-05-01 19:52:47
63fdf84481d7d818f505ebd0b73eed52,ec34ce0f06a9a35ebf0f0496d595bc84,1,,não recebi a mercadoria ainda. ,2018-03-31 00:00:00,2018-04-02 00:09:58
ca61d33ce36b998cf6bfc38f48859425,76ae7f8d0104f4808d4a93f4b81661d7,3,,,2018-02-15 00:00:00,2018-02-15 19:40:47
7312244806651234199206c84f565453,4cdf8813fc5f4c3d74041453f606868c,1,,Comprei são faz tempo e nada estou indiguinado paguei 279 e cadê meu aparelho,2017-10-25 00:00:00,2017-10-25 09:03:05
21881853688dd9e9a5eff42d80386420,0ca1bac7f133e0eced641bff853f52ea,5,,,2017-11-08 00:00:00,2017-11-09 08:59:33
7a03404f98bb59dc4c1719da32935b88,39a70e9e9b729b11dee34ac12478597f,3,,Achei o produto razoável.,2017-08-23 00:00:00,2017-08-23 23:32:32
53e58368e68f4e4816c966505e1680ae,8628cf35f313fe2e46a2168f21860031,5,,,2017-12-13 00:00:00,2017-12-14 12:19:10
a193e8ab376725be9359279757ec055e,bb95c9f509ff2da87b6015a0d9046f0f,5,Ótimo,"Tudo perfeito amei o produto exatamente o que eu precisava.
A loja também várias vezes que compro sempre no prazo certo e produtos bem embalados e excelente preço.",2018-05-15 00:00:00,2018-05-15 22:33:57
dcb5a99ac081043da014276823f67c51,09a0d7c2cc6f652acd3537e7a91c7000,1,,"No anúncio dizia ""Marca--- Canon"" e eu recebi um produto ""Similar"" ""compatível"". Se eu quisesse um produto falsificado/pirata compraria na minha cidade por 10 reais, não precisaria recorrer à internet",2017-05-20 00:00:00,2017-06-05 18:40:59
a56c8418684ea56582a59f53df8122dd,5f4942fc3a59f2e62ae534f981105954,5,,,2018-03-08 00:00:00,2018-03-09 23:16:52
6849f7723dc9e2decae40cd28a27f031,fd117d65267f58ad33d914a3cc317543,5,,"perfeito porque é bem feito e com matéria prima de primeira, adoreu",2018-03-24 00:00:00,2018-03-24 20:36:06
79994d95024b6e294eb6ac15ecdcbe74,bd34db34f886a82d2f7e9214b6fd01e0,5,,"Ainda não instalei o produto, mas farei o mesmo na próxima semana",2018-01-24 00:00:00,2018-01-26 22:31:51
8760b5561e1fad37d6f95b4eef160459,546c8958ff67b28473cf140ec32a5a91,1,,,2017-12-21 00:00:00,2017-12-22 15:35:22
385c965d16309a69095fa140007d4125,8906cb0ae3ccbd4613940de05579b218,5,,,2018-02-22 00:00:00,2018-02-24 04:12:31
41e3459f55b302caeecc3c100eda791a,80000ae9d118d79953522e35cce34f13,4,,,2017-03-09 00:00:00,2017-03-13 11:09:09
d7b9e9e361b04a1893f73db335042e35,f05ef3ecdb7796d93e204c0a7ab76759,5,,,2018-06-07 00:00:00,2018-06-09 23:11:53
a8b63e1292141b8158d2f87355b15686,e0043b9e113bdc5f84b14893d62e00ac,5,,,2017-12-01 00:00:00,2017-12-04 00:13:56
840b5b3e721b62bffddd1fb843f2a9cb,19230cac8f45f89fc992b4048422b72e,4,,,2018-03-07 00:00:00,2018-03-09 11:16:51
898c87fc7abf4353b4c82e98fae8c449,ca7296a83aa279afb28c2388a4f48891,1,,Quero meu dinheiro de volta ,2018-03-09 00:00:00,2018-03-09 09:22:42
6ce434883ab672c5f6e019058e012a43,e06ff711ddcab05c3651a9b1bb003950,4,,,2017-03-16 00:00:00,2017-03-16 11:58:31
fd264f22fcf0f7e65d3be132cdf441da,38b80ac02e3ce34b306483fc57a33bc5,1,,,2017-03-21 00:00:00,2017-03-22 03:02:26
cc41f3fb112d4dd181bcda6e481fa895,5b7aed674843fc9b20d1c4cef543a761,3,,,2018-05-19 00:00:00,2018-05-21 18:59:31
c5b6b6ac8a0f5a75b16ab4bdef1fec3f,d8c441318d48082352e8592142db807c,1,,"Ainda não recebi o produto, além de ser um prazo mega extenso, não cumpriram com o combinado!

E aii???",2018-03-14 00:00:00,2018-03-14 11:39:53
b1a7e6bea48ebd760453f2975eb5c5af,06aa0aa8c22027ebb953d501c4238512,4,,"Produto um pouco fino, mas o pelo é de qualidade ",2018-04-28 00:00:00,2018-04-28 21:44:32
e060d683fbec3059d25a57b7648cff9d,3a73a24fa6a0d8ffd462fb4bb62e66fc,5,,,2017-12-28 00:00:00,2017-12-29 09:53:04
edada860584e48a4ad8a29699c2d4609,92f4f749aa508d58dee50d9ccdb6c9dd,5,,,2018-07-25 00:00:00,2018-07-26 01:59:37
0f772e13999a23c70b6cf05852119ad4,32733fc014b67ef70fa6039dd8c6ba82,5,,,2017-09-26 00:00:00,2017-09-28 21:56:30
d77f6dcd64a51cc98282fb5430787b3b,c8c002c98c3b0b4d4136b84f76f635a8,5,,,2018-02-09 00:00:00,2018-02-16 23:04:56
92490fc7dfcfd1df3965634767cffc3f,22caa724849d26dec4cd73ffc70bc133,5,Otimo,O produto veio exatamente como no anúncio gostei muito obrigada,2018-06-29 00:00:00,2018-06-29 17:56:30
4e942839744c8bda7713c6bc7e8d56ad,c0e1586eda89047d683b2bc7d902037c,5,,,2017-12-19 00:00:00,2017-12-20 10:34:35
bef93a63cb8fd8c391aca4af64a91995,ba16a6de753feb4dc0a6716cc3ddf951,5,,,2018-03-09 00:00:00,2018-03-09 18:44:38
1bc69c42c41fbbd350a1cf7c5a2d72a9,40ebc9d21ae5f5d7dfd398f87e63f455,5,,,2018-03-18 00:00:00,2018-03-18 12:30:50
68ad4a27b22c0f9c70e0fd3e5909f255,cecccaa359491439461332bbb0dad3d5,5,,Muito bom o produto. ,2018-03-29 00:00:00,2018-03-30 22:28:44
d931df1bc548c2a626750df977155a75,fb469bc8a14b598d891a004c34546078,1,,"Comprei um controle remoto de um modelo específico e me enviaram um ""controle universal"" que não funciona no meu aparelho... Não recomendo...",2017-12-09 00:00:00,2017-12-11 18:56:30
62c39358bc63b71da444a1debfe0b6ff,73287734c7b95e805d54a35d062627f2,4,,,2018-03-22 00:00:00,2018-03-26 12:42:39
4583ddb3607b88e55614a926dc3ec1cd,083ade26303c53b4aa1c779b67d44485,5,,LEGAL,2018-06-16 00:00:00,2018-06-16 19:49:04
65427c6f16460ec95ce585302d8a1e99,19aeea45917083f03541b7d11afc8e2b,5,Muito bom,,2018-06-23 00:00:00,2018-06-26 00:22:41
57a3d04566ab1f6729141cc45161ba50,f75517cfb973c21eab8559a870263794,5,,"Estou muito satisfeita com a lannister e com o meu produto.... meu tapete simples e bonito, obrigada!",2017-07-12 00:00:00,2017-07-13 10:13:21
0b5be2fd8f547fae7f6d88573c0b7356,2e233dded5d8af5e2baa5c1fca89a6c6,5,,Gostei e o atendimento ,2017-12-22 00:00:00,2017-12-23 13:47:57
06a3c317914170820d8fa2e3cd5a9fd0,fd22bd0610424ec9e62c1d98288b51e9,3,,,2017-03-25 00:00:00,2017-03-26 19:47:53
4d37507a52d8107b461a55392fe918c6,afc164a698c08de061cc7173650121fa,4,,,2018-03-06 00:00:00,2018-03-12 14:56:42
e17c6cedc648448a977e5626a2a9d068,b62490833ad4da4f0f696c9358737651,4,,"Muito bom o produto, só acredito que como defesa não é eficaz. Mas vale a pena ter.",2017-11-09 00:00:00,2017-11-16 23:07:20
35bd753bc196d9b857c048d1468bab2f,558731462aceb9588378c7c19194d2db,4,,,2018-05-19 00:00:00,2018-05-21 19:47:24
b1fd5bb8d85b5a49f90a0097b3029cd7,3eb08a4c95b522bed075ec059ad858ab,1,,Não gostei por que me mandaram a cor errada,2018-08-18 00:00:00,2018-08-18 18:19:42
3066e65b1383c7269fed2996c16ac214,9292a5004e4adeb999700abae47eb13b,4,,,2018-06-12 00:00:00,2018-06-12 23:13:24
841cec494d4e0386d1c2bfe4cb3317c4,c6c17394464f987209982d3f1423f068,5,,,2018-06-15 00:00:00,2018-06-15 14:31:08
a7f238f01b2e5590cbe7212022692012,cd24256f456d55df11e3049017c86d05,5,,Compro sempre e recomendo baratheon ,2017-11-24 00:00:00,2017-11-27 20:05:09
d8697b1efc93843999ae12298b7a703f,c263f74f0ce9f6d9e0f4608a22a67dfd,5,,,2018-05-16 00:00:00,2018-05-16 19:41:16
7afbad655b63c0a49c1d739280b591b8,540544251975ba4515aebe0ac8525067,1,,"Comprei 2 cartuchos

Recebi apenas 1 cartucho",2017-07-01 00:00:00,2017-07-04 14:08:57
63c761f149aefca945305229a59ba3fc,07440dff5293ea24c5fac25a473c2eef,1,Ruim,Sempre comprei nas lannister é essa foi a primeira vez q comprei e não recebi a mercadoria,2018-04-28 00:00:00,2018-04-28 13:04:56
7bb977a30c58ac862a3f7b42160d1133,0ea322b0cc5c5a359a4b83e2cae08390,5,,"Loja excelente, recomendo.",2017-04-28 00:00:00,2017-04-29 06:47:21
8ed7d7f54affd28604e20ea19d3318f8,bb102364b6a29f9f8683f21e5825595a,5,,Perfeito ,2018-01-24 00:00:00,2018-01-24 18:58:03
90d44b00e32087cb9eb4b5badd90c912,37c8cbbb816470ceb8a3026653cf3d3c,5,,,2018-03-29 00:00:00,2018-04-04 11:18:45
15cd7b3f6cde59e26ad7f7ca25e66ce3,b4c45d4cc2a2e24e10d4e20bae928819,5,,,2018-03-17 00:00:00,2018-03-17 21:50:10
729cd3fc494e99426ea54aa181c4b011,c0364ee18a0b18e6da5e7754cf4f4e8a,5,,ok,2018-02-27 00:00:00,2018-02-28 16:05:49
acaff599f2bbb6b8995368bab93b6a38,7e4d4a50dc999bcf59d2e055db0f4b37,5,,,2018-01-20 00:00:00,2018-01-22 15:55:42
1a274373ba56f308a9c45e3d2bce3697,f7198d6fd9c02f8d7f7646b213376ddf,1,,"Comprei há um mês atrás e nunca chegou, não existe canal de comunicação eficiente e até pra reclamar q não chegou tive q esperar quase uma semana",2018-03-22 00:00:00,2018-03-24 10:25:25
a89a2a822fa6d983128e5ca229633882,5ad066b6e468fcd60b0d871bfa99112a,5,,"Produto excelente.
Entregue antes da data prevista. 
Adorei. Obrigada. ",2018-02-06 00:00:00,2018-02-06 18:23:08
0c7932c55debb2f4063bcc6c533a87e0,2939b6d48c2488e276205bc547c56aac,5,,,2018-01-12 00:00:00,2018-01-13 10:13:10
e6c8f2ab517ef19dd0a02a771fecc827,008a40c2b8b21893e04945ce58854b55,1,,Esperando o produto para avaliar ,2018-05-09 00:00:00,2018-05-09 21:20:32
6028c5b557d83ae5012c64908383ff9f,67b50899f52995848c427e361e10dde3,1,,,2018-06-28 00:00:00,2018-06-28 17:00:58
7968fb23803c69d0dbb64ddc0e6637ea,6fd39a1adde54d0a5e6fe5ddc6c8784a,5,,"Chegou antes do prazo,igual o da foto adorei.",2018-04-20 00:00:00,2018-04-23 03:38:43
8d652c40dddb2f5bdf08c784e99c55ed,e6bed0846d5d268bf1ebcf66eab19a42,1,,É a primeira vez que há atraso nos meus pedidos. ,2018-04-07 00:00:00,2018-04-07 16:13:59
ba6e4e2b6a543d1c4912158244448375,3d4bfa3de7e617f61d1ee3c87e95b204,5,,,2018-06-14 00:00:00,2018-06-17 14:10:24
329e25b21f481e37944d51ece2d3ddef,51c064ec2d79d398b30db3f8e1de8ec8,5,,,2017-05-11 00:00:00,2017-05-16 22:06:19
ad41656664888758b1c9c92c142130a5,22a1a580ac153c5e2f469d27ad6a4e3d,1,,"O produto não veio na cor Escolhida fiquei desepisionado,não sei o que fazer.
",2018-04-24 00:00:00,2018-04-25 01:13:47
fe2b57c56eb4d1d5062c6c066bfc14f3,f6806cb575dffe2dd24873502bc0b413,1,,Os cartuchos não funcionaram na minha impressora HP3050.,2018-07-06 00:00:00,2018-07-09 00:39:24
f72cb5a49cf65547bcf2889d2285270d,0124e0c5bfae1979838a91e47df53f14,4,,,2018-02-16 00:00:00,2018-02-16 22:30:23
d54724ab5b9665127785f8883a2169ab,84d1f58195cae334b50f9088b38b3495,5,,,2017-05-12 00:00:00,2017-05-15 10:51:54
f9f3684248f9d0e8353ec77dbb60ced1,33c1911ef3652a03c6cb098b9399b1d3,5,,,2018-07-10 00:00:00,2018-07-13 00:05:47
3bdf54aab6fde663450c39b2cac03c69,af85e6e8c9f67f653b51429df7839001,1,,Empresa sem credibilidade.,2018-04-08 00:00:00,2018-04-08 14:40:40
4bd9e4744bded7a2390fabf2eab110ac,4cf6bc9c5e6ff30151bfb6f92f791b28,4,,,2017-07-13 00:00:00,2017-07-13 23:25:43
91771029ef1e20041fc2dfc2859c8b07,f51cb113ad5e21bc6d8082bc824fb25e,5,,,2017-02-14 00:00:00,2017-02-15 16:51:26
16814e4d2e1cb7da90f927f41cb1bb77,99f10393ec3328b3b416a154afd5d714,5,,,2017-08-05 00:00:00,2017-08-07 19:26:10
a9c4371e5a7a938f944f39f68620358f,7deb5565bced95f67ceac6f5dc57d4f4,5,,,2018-01-30 00:00:00,2018-01-30 21:09:08
0a2157168b60711364eae5c42873ab89,72c81a6a9dcf354f87393c361caa13ce,5,Produto de boa qualidade,"E muito bom poder confiar em uma loja virtual produto de boa qualidade e muito rápido a entrega ,ótimo trabalho!",2018-07-25 00:00:00,2018-07-27 22:26:50
bb4dd4d6ab24778dcc344d50acdf5507,d7ebe26f7b9c7600c40edd2b0edc7afc,4,,Foi entregue antes do prazo. Só não gostei da qualidade da capinha do celular. ,2017-06-07 00:00:00,2017-06-08 11:01:13
74818bfe63efcf28bf371f9e26162bb5,26543fb8b34f4547bcbbd431f998ee76,1,,"Não posso opinar ,pois não recebi.",2017-11-30 00:00:00,2017-11-30 19:35:21
63bc958a29ce4306d4ccb83c7377dc40,8fad1f3654133d30218cd4b6fae827ee,4,,,2017-06-23 00:00:00,2017-06-24 12:39:00
1ae15cde19871f4c2dde850ec686a494,1227f9af3b2ddb0b95060aab8e5b3dc7,5,Recomendo,"foi encachado perfeito, e já estou usando ele! ",2018-05-19 00:00:00,2018-05-23 20:56:16
f803f9a978c8eb47c196cff020eff52c,95de62498e177002f6ef1949e2e788ea,4,,,2018-02-17 00:00:00,2018-02-19 14:26:30
b6e92837a785c546fdd68aefed24016a,8bca89b4311c48e6e6a22acd5cebd242,5,,Entrega antes do prazo.Super satisfeita.,2017-04-06 00:00:00,2017-04-10 16:40:54
2553e7a7c2962eb06cae26643d8f682d,65a9d3006386a380f4b594577a01cef0,5,,,2018-02-20 00:00:00,2018-02-23 13:08:33
43dc285f9ce66d3f419b0330e81d22a3,4fab84dd561f10bb9c98293f34d749fa,5,,muito bom,2018-07-12 00:00:00,2018-08-01 20:08:38
058bf7235b99d44cefc0359d3a2b325f,09fd9b0402ed675bbd1ee1e81171ac7c,5,Produto certo e rápido,Produto correto e entrega entregue em tempo ótimo,2018-08-30 00:00:00,2018-09-08 12:26:31
33dd60a4eab572eaab8cc5471ac412de,a1e393fb70c2916de4f93974682521a0,5,,Produto ótimo chegou super rápido amei,2017-04-07 00:00:00,2017-04-08 08:34:59
d78e06ac8c5c0abe9f0d0ec9e49bc772,e1cbc1e8c3204aaecc891d1392f7b4d7,5,,,2018-02-16 00:00:00,2018-02-19 11:33:06
0192fd0440f0ba2d289d2157b0f8dabf,7e28a3542ea8306e42298ea3718222ee,5,,,2017-12-27 00:00:00,2017-12-27 18:38:42
0c2915e69ee09c18b9c15b8035bdc5ff,a4b276bd4a9eba543ec90cdf29a67308,4,,"Manta bonita e grande, exatamente como estava no site. Gostei!!!
",2017-06-20 00:00:00,2017-06-21 00:14:13
78f97e5e30b6ddf3bfeae5d21ed2494f,44259226d73d340f929777553ecf199b,5,,,2018-04-18 00:00:00,2018-04-24 13:19:54
f555e112c09ed12e3ed67fabc21b7840,4cea4082bde3d6f0846e8a5537f3eeb4,5,,,2017-12-14 00:00:00,2017-12-15 00:33:41
6ee76a4f3dfa7c16f5b2e4c9a66134bc,c8426a2c3cc5c11e8aa0789c3238d4d9,5,,,2017-10-25 00:00:00,2017-10-25 20:20:59
47362ecf1f01733c13b5710b17eb4252,d33a24a5ea67f8f5a06b0a32e53f3acf,4,,"Produto chegou antes do prazo, mas na foto parece ser maior do que realmente é, mas gostei muito",2017-05-24 00:00:00,2017-05-25 13:53:35
c98724c0c73bce13f258d72b41f30bfe,f12ff3c8b8e4945b4d0331a56df6ef85,4,,,2018-04-20 00:00:00,2018-04-24 12:24:48
4d3fe38b645651ce5af82d9cf17b4a76,2bfd14409ba8ba1153ce42b2abc44bb8,5,,foi entregue antes do prazo adorei,2018-01-06 00:00:00,2018-01-15 18:14:55
91559a9c610b44fbc2680b8109bc3a91,a25b9ed9a3a53f53489c105482625129,1,Problema,"Infelizmente tive um problema com o aparelho,e o mesmo terá que ser feito troca.",2018-06-26 00:00:00,2018-06-26 19:31:00
7553bab8633bce24398c75f9411661f5,07bebe0626c8053ad425381fe0882655,5,,"Não estalei ainda aparentemente é muito bonito, só vou poder dizer da qualidade quando for instalar,, por enquanto satisfeita .",2017-10-06 00:00:00,2017-10-09 00:54:20
71c3d3e07f636e04cb57bc14eab88437,9eaec2635ebf99416ead21c62ef53f67,4,,,2018-01-04 00:00:00,2018-01-06 01:36:51
6429d643c915c92d79e7cc6ac0997a0d,38ac62af1b354671501c9bbfc55bf187,1,,"Boa noie o produto foi entregue na cor errada , eu pedi na cor preto e veio branco . Lamentavel .",2018-03-07 00:00:00,2018-03-13 01:32:06
ee23f96c6ae0babfe97073e0d3e0251f,0c5c8063a673f3c44b6499053e534ccb,5,,"Entrega antes do prazo, continuarei a comprar.",2018-01-18 00:00:00,2018-01-18 21:48:43
b52c751c12d5c640bcf9fe43e86da969,d4e413e096efb5d9b209b28ac79c62b7,5,,,2018-07-15 00:00:00,2018-07-18 14:05:21
62f4a1f0ed144d2cb182a4924a360264,377627ea55b004e8d55a2af17ba3c0e1,5,Entrega rapida,Entrega rápida como sempre,2018-05-23 00:00:00,2018-05-24 01:31:39
333c8710548ff5bf8a01be5cce1b25cd,2e4d78cc067d04eaaf791ecbfb2bc3ce,5,,,2018-04-18 00:00:00,2018-04-19 08:53:44
ce50fe817db66b6b6d9de227ef067ae9,def90fc6c7d21d34a14af3d6e4d866b6,4,,,2018-04-19 00:00:00,2018-04-21 14:44:19
a1b32d5b405e8a5b4aff7b1faa9e8f81,5b649740381032adc79831802d8d221a,3,,,2017-11-14 00:00:00,2017-11-16 19:53:16
bf74814b45e5cdbc6e5f6f83a48d1140,8a2d731a57d62d23bbf9556f80343140,5,,,2017-06-23 00:00:00,2017-06-30 15:39:21
f4cc3067cb5ae76978801c0fce5cd0da,a52e6fa2d7c6ecaf73ff5f7f10438339,3,,"Satisfeito OK
",2017-02-09 00:00:00,2017-02-10 05:43:23
c522c1c7f704cb0e202fcbba1a5627de,3b1bf20520476dc7b150dd52f521e525,4,,,2017-06-03 00:00:00,2017-06-04 10:21:43
132cc357f406988496738a702bd8a54a,b1d045cd447d2961b72e0d67c18f5d94,5,,"Rápido na entrega parabéns 
",2017-06-27 00:00:00,2017-06-27 23:07:15
8cdb6f6bba9935d87999cf56ef10fce6,cca0fdbe32d86d386a95c02433412640,5,,,2018-07-15 00:00:00,2018-07-18 18:24:43
4f74dff7e54d4b818f558cba8083fe5e,243312dbb316253ab77bb0140d94803c,4,,,2018-03-22 00:00:00,2018-03-23 10:10:21
8a116b2b95e12333041e8761a3023ba6,0739104e30e20de6c0956c0889a9b9dc,5,Otimo. ,Fiquei muito satisfeita. ,2018-08-28 00:00:00,2018-08-28 20:07:12
534d28ecf44d4c5332c53b1a35f95560,b2b86f50f1d5ec8763fc9fc6894ac6c4,5,,,2018-08-04 00:00:00,2018-08-05 13:44:32
44e413e08988468ddf832b186e3c76b2,2f6e1ce2926b6a1f5f9ea11d94b58cb0,5,,"A loja é muito boa, nunca tive problema, só agora comprei um produto é recebi outro parecido mais acho que vão resolver o meu problema, pelo a competência que aloja tem.
",2017-06-21 00:00:00,2017-06-24 00:14:31
6b4bc64e35c10c15884f35e8f7dcd570,c7af2f59ff42f4410a1739111dbea489,5,,Nota 10,2017-07-05 00:00:00,2017-07-07 21:37:23
bc2e81c42cffc5d3481fb8be92a9b38c,0bc16cf0c58995bbc893af2e151534d0,5,,mt bom,2018-06-14 00:00:00,2018-06-20 19:50:44
85b5a2e7111babaa32368f2baeb8277a,ea1857c97012fbeb3b4babd5892ebc7a,5,,"Recebi antes do prazo.
Muito bom o produto.",2017-06-10 00:00:00,2017-06-10 23:22:23
cbc036cc8c3edc20daf02f781a5f7a39,6f6785dde266434130a2aa8af06a52b7,5,Super Índico,10,2018-06-17 00:00:00,2018-06-18 12:04:19
a20332ca3e9807d11885ddb3bbd94c3b,7e09cc861487709e81e6c729d2635208,5,,,2017-12-23 00:00:00,2017-12-27 13:44:06
a95b6d1908c4eee56f04fdee1c133122,db7a9e1d2cbac54cc7ead44f1ae8535c,3,,O volume e muito baixo,2018-02-21 00:00:00,2018-02-23 23:24:50
573be74b08af8c55393534eeac1b4341,229d2824e311bf2592b6b7ce32af04a8,5,,,2018-05-11 00:00:00,2018-05-12 00:11:08
2d1dcd393c620a989e1f05454cabcd68,317c2c773295f70b67e5511ccd55f81c,3,,,2017-08-10 00:00:00,2017-08-10 19:43:26
f43ae7961d461a53c64e7f4e59ed480a,853927b32b0ebc007ece729a314338cd,5,,Satisfeita! Tudo conforme o esperado.,2018-02-22 00:00:00,2018-02-22 19:56:28
aadfe5933df006b51ffd3e86044ebbbf,6b751a27edaaa33537b2e893d7fd18ce,5,,,2018-02-21 00:00:00,2018-02-21 21:57:56
d2685d708ee3a49340a50dd2184deadc,1c4b283e95602be28c975207016558f1,2,,PRODUTO NAO ESTA CORRETO,2018-08-08 00:00:00,2018-08-09 11:35:22
29f61e62df3743b3386ade3b772bbd97,edc9fcd5f5ab3aa69901aa991026ee0c,5,,,2017-06-15 00:00:00,2017-06-17 23:26:22
fb8a2b6c740c5a722c6539b13a6825e9,6699d7eb202a80ad0dd024134fe5ed60,5,,,2018-01-25 00:00:00,2018-01-26 02:56:15
61e41976b2efe4d2d06e39957ee85412,51879b7474407f56048b6c36cc3e263c,5,,,2018-08-10 00:00:00,2018-08-10 06:22:30
ba60f590f69dc8f2569aae20544dfa85,699b7692e65138e6874b4c6f42202974,5,,"Produto de qualidade e fidelidade, além de rápida entrega. Recomendo. ",2018-03-22 00:00:00,2018-03-23 00:58:03
58f9d5ec18e668bee42663e9e800b86f,7f922477f06db4ab69f6f173f439088e,4,Muito bom!!,"Entrega rápida, produto de boa qualidade.",2018-06-16 00:00:00,2018-06-20 02:34:59
571c7393be84ebb3ee54a4428e4e571a,dfa1e5a290276c05629e2d4180ce6aff,5,,Entrega rápida. Muito bom,2017-03-18 00:00:00,2017-03-20 13:11:45
fec12ed5ca0ae429dc59ab2ed442347f,ed8a6e0832d4fbbd240110423cd1b707,5,,,2017-12-15 00:00:00,2017-12-27 01:11:59
cc6af48c753f077232a8126d06a5f679,afd1ca4a245a9a04d0f8d5dc1ccb7ed3,5,,,2018-04-24 00:00:00,2018-04-25 22:43:25
00b90674df5acad6d8881e411b95b37f,a67f04f0a3022835f86664a0070fe36e,5,,,2017-07-27 00:00:00,2017-07-31 16:57:48
4a87bcda031a59d3309affa727480cc0,bcaa7f7240deb32b0410ee6cc085d9b4,4,,,2018-08-15 00:00:00,2018-08-16 10:20:27
e6ac16e46670515369ec6cce613ca3f4,d7ebfa9a59497087b6f2383f00689fcf,5,,,2017-11-15 00:00:00,2017-11-16 13:39:02
8eba4f40fde16edb160237f9d68a4176,4cddfa3db1f20697139ba4a46c4fd399,4,,,2017-08-18 00:00:00,2017-08-20 19:24:55
8ba6a4b4b24d6172b8ad097ebab1f292,249ec92a8757d3abe81210827a19f08f,1,Ausência de informação ,"Ausência de informação sobre o produto induz à compra incorreta. Com a ausência de informação sobre tamanho da camiseta induz a pensar que seja tamanho único. O produto recebido no entanto, era P.",2018-06-20 00:00:00,2018-06-21 15:55:33
ef7275d190293455b245e0322b0558a2,a5849d6f70582d4c5217bac6616a45fa,5,Muito bom ,,2018-08-21 00:00:00,2018-08-22 01:12:20
4c3e73782790b5fd56cf8ac043fe027c,32f7f9fd01c6b5592202b48442caa441,4,,Gostei muito do produto e chegou antes do prazo.,2017-08-23 00:00:00,2017-08-23 21:51:48
1fa371e55760b49616648d7a22f2578b,454b6ccf9f8f2c12b3a00ee763e027b9,5,,,2018-08-25 00:00:00,2018-08-26 01:57:04
949cc0583cfcc420850304c66c32b8bb,1dd524259037e53865e1fbee3697183b,3,,"Faltou o kit do teflon que foi cobrado $10,00 a mais.",2017-06-24 00:00:00,2017-06-27 10:42:16
d99de504fa4d83630c4489d197595d4e,dc15d43ae100ecc5bac78d9e974af643,5,,,2018-08-28 00:00:00,2018-08-30 20:48:23
332a72420f3d8729d2bfdbfb55e96cf1,cdab66293e2e4ea2b956d8016c5ad97d,5,,"Site claro e objetivo, comprometimento com o cliente, prazo de entrega superou a data proposta.",2017-12-23 00:00:00,2017-12-26 03:50:33
84e79be9c53bff75fe1607fb34a5918f,989829039549b9b62b547646ee72c034,4,,,2018-02-23 00:00:00,2018-02-23 17:37:09
6eb9e518070839597f4d35f908f89521,0c11df2b80d95b1eabdcdf3790bb3347,5,,O fichário que eu comprei veio bem rápido e estava muito bem embalado. ,2018-03-25 00:00:00,2018-03-31 21:58:54
bb907dd882402c83d0defc3004b80dc0,2fc4ba497db1306b9048aceaf0f7e5a9,5,,Tudo ok,2017-10-04 00:00:00,2017-10-05 02:04:00
e1a424695e403367e373d7354d1724b7,f23a4132d42810c7f591d372282ae3eb,3,Produto Ok,O produto é compatível com o preço.,2018-07-24 00:00:00,2018-07-27 01:24:41
e13ec6f240d3a8d113945906b19d2fc4,1fbebbbba3149f89e410951ca531cae2,4,,O anel ficou apertado teria que ser um número maior. Como faço para trocar..,2018-04-14 00:00:00,2018-04-15 04:37:30
751cea5676370ff939cbe9eaf176a26b,c5ba516dae0f7c34ba8ad92dad570249,5,,,2018-08-30 00:00:00,2018-08-30 20:59:54
7fa2cc5387908e0da57dd377e52c99d3,f0cb299a9702d7db4e501895d61d2baf,1,,,2017-07-05 00:00:00,2017-07-06 00:22:29
324f719a599fd47fc3cdb7d0ac621212,0a15572811e0bc23e2963de1cdf344f0,5,Ótima ,,2018-05-05 00:00:00,2018-05-05 23:37:14
d959d2123a2f28fad7885ab1b8f1903c,cd323a618a599ad1cedaeb75d1d5b8fd,4,,,2018-02-21 00:00:00,2018-02-22 01:30:20
7eb8a46d5a165e960020e6cc1355eb75,573cdc3b8d7f43d865aba5fbbc888802,4,,,2018-02-01 00:00:00,2018-02-02 15:00:19
e948a1927f63a1d60bf33ddb335c0cbb,8bfc859f734def7a579d24fe9b618da3,5,Ótimo ,Loja perfeita ,2018-08-30 00:00:00,2018-09-03 13:15:55
228a25615ef0bf98bc82748242b51589,d8d8abd9a4aa1b36575678bdf5e9d23e,5,,,2017-04-01 00:00:00,2017-04-01 21:03:21
1a6a79840391bedbf0a332184df23b3f,b9a6c5f5df52c7226ac85aee7524c27f,5,,,2018-06-20 00:00:00,2018-06-20 15:53:18
a2e8b4e665acb20e3882024253228712,2d5a9031ce30f2732d18bb3722b887a4,5,,"Produto muito bom e entregue no prazo ,recomendo.",2017-06-02 00:00:00,2017-06-03 18:06:00
aacf6f81f78d28d3b1da243e211605c4,fb66173878dcc988e4e3e1151901b298,1,,"Quero saber quando receberei meu pedido.
",2018-02-24 00:00:00,2018-02-25 00:56:43
1c9b965575ce36519e5065662c06406e,3762c0ef92b5bc397671e6d7e6d5672f,5,,,2017-08-23 00:00:00,2017-08-25 10:18:26
ce2267ae0802ab999b4b133d8a9f2bdb,d95c203ba62b39ad3c3a2df8d5e7c052,5,,,2018-02-28 00:00:00,2018-03-02 19:12:29
4d0b94b13b9966be8f4dcf8d08da7c9c,042649285cd08ef7c546445419b43407,3,,Apenas não recebi emails de confirmação de compra nem andamento do pedido. Nem da stark e nem da loja.,2018-03-17 00:00:00,2018-03-20 18:24:31
3dc475ff52641ff5a077254d7fe582b2,53b48de8c162b1a00ace27c3c0a9b148,4,recomendo,minha filha adorou.,2018-07-31 00:00:00,2018-08-01 17:27:58
f0307f05bf524c649e370775d673660c,e6d3b5b66f40a99ac01da49f4c543e36,4,,,2018-04-27 00:00:00,2018-04-27 16:17:43
34b0f2c191cefae77a0805d4c54e5410,ff54c442f3e9f50941a09dcf4e061e6f,5,,"É uma empresa confiavel ,",2017-02-26 00:00:00,2017-02-27 23:22:56
e567ce750252ee51158fcff22af3723d,f939e2a89376e44158657a15465cacce,1,,,2018-03-22 00:00:00,2018-03-26 19:01:40
d33da30c71cd1e6cd526c22ff7a4d708,a711032f5b2df3b039238b1a273076b8,5,,Ótimo atendimento!,2018-04-23 00:00:00,2018-04-24 01:08:40
76d143f51d89ead96814bac36797382a,309de5faf9baa8961fd068f3f4e44dcd,1,,"infelizmente não tem como avaliar,porque não recebi ainda o meu pedido.Enviaram pelo correio e não foi entregue! Está parado nos correios,era para ser entregue até o dia 07/03/2018,mas não entregaram ",2018-03-09 00:00:00,2018-03-09 18:16:02
3b96dc5d43554dd389d4e64a774c91dc,60218eecf87eaeb58657769f328f2726,5,,,2017-09-12 00:00:00,2017-09-13 08:37:42
1733261f54993fe82aef1c2c2454d9c0,5d1aca6ae03324b5398c241b3b402be7,4,excelente! Recomendo,"Recebi antes do prazo, embalagem perfeita. Recomendo.Produto muito bonito.",2018-06-14 00:00:00,2018-06-18 17:38:10
71174191641391b1cbdf5bbebb8ddbe9,7645406942825a748f5db38c177b0a5e,3,,O produto não foi entregue. Tive que retira lo no correio na segunda tentativa porque minguem informou o horário de funcionamento para a retirada do produto. Não fiquei satisfeito com a entrega. ,2018-01-28 00:00:00,2018-01-30 14:12:44
9ddc165fa13ef1d774d7e5321f185f77,12aab7cb25bc6ae86c66cb3e7dc35a76,5,,,2018-01-04 00:00:00,2018-01-04 21:40:33
4557ac44a08e8e27cc4a6a2fb37d8344,ca786c07fdbcd2a6beb42eab64c23a3e,5,,Ótima entrega,2018-03-24 00:00:00,2018-03-26 21:50:21
5c76511e9f54f229ed950958c980a7fa,e750c043ac98c8eb957cb52789f126b0,5,,,2017-02-24 00:00:00,2017-02-25 01:44:06
fe49e817b32604318325531d264b51e0,cd3e9759dc483946db2133168746fddf,5,,,2017-07-08 00:00:00,2017-07-11 19:45:25
28749be4e9f00ad1305d70a22faa6938,4d34da0824213ee7962a5c5ed32b3f51,2,,,2018-02-22 00:00:00,2018-02-23 01:04:51
cd841775a8e6799e7c117fb72318da77,2790c1db6fab421570c3a789c96ffd46,5,,,2017-11-22 00:00:00,2017-11-24 17:36:29
e0170621fe848c043110a9638c37ad93,360d1b0085f85a626f77b5fe558e8ae8,4,,,2018-08-02 00:00:00,2018-08-03 13:50:58
f1b28d8389b384304d4158835b926fac,0452166f3b0d8e378179ecea1efdfe05,5,Excelente produto,,2018-08-15 00:00:00,2018-08-20 12:04:36
cec1a6e47c108f2344abd8a25e7b02cd,e9977cc6d0f97447ef0f4fcc2e082fc8,4,,,2017-02-22 00:00:00,2017-02-25 04:19:33
07c9ec2ce10f6967173c603a2e3c6392,d32fbb7b9c7d393b293c80e66091ee4b,3,,,2017-09-16 00:00:00,2017-09-18 22:41:51
792a8e117cf8aa1a34382436bb75d0c2,3785ffb02b0b201a23df7daf357c271d,4,,Muito bom ,2017-10-08 00:00:00,2017-10-08 19:38:10
049c8284b929c7fa788a9304e3f7a7cd,654236657c61378a35416f08170ff0ad,1,,"Pedi e paguei por dois produtos, recebi um email não tenho como entornar do meu cartao6",2018-02-27 00:00:00,2018-02-28 00:24:38
9593960e209f0e91a1e71c9e8bee043f,b3e2b81932a8bc32dfffd128937c3c5e,5,,,2017-07-11 00:00:00,2017-07-14 02:17:20
3a146d6748a8a1d523f5c0a9e8cc3e45,8ef3801f58da6b652a3082e1fa5b6589,4,,,2018-03-20 00:00:00,2018-03-20 20:52:07
28e1bd96e9f8efc7919e84eedde24997,5fe9874b96028c851e35c1c28aede4c2,3,,"Entrega antes do prazo, produto certinho..porém achei a cadeira meio bamba..mas nada que impacte muito!",2018-01-31 00:00:00,2018-02-01 10:48:22
b88f7135cf846fbf94161fbaf325ceea,132ab6f8e1c86c21b064ee8832129bb1,4,,"Obrigada, o produto chegou antes do prazo e é muito bonito.",2018-08-28 00:00:00,2018-08-29 11:24:35
c12c236c611c2277a7c49bedcb2d5554,27d6233886151ecc1ed368ce120ec5cf,5,,Excelente!!,2018-05-23 00:00:00,2018-05-24 03:35:39
61634761a74ea7da85151cf094e88306,0724cc371750e7fdfe769d2a8bdd5b92,4,,,2018-02-04 00:00:00,2018-02-06 12:32:34
f545e23727c03249b313da893f19b2de,1aa78d3a94e9d8054d63fd230c076bf6,1,,"Fiz o pedido de um violão (+ acessórios ( e recebi uma bateria. Passei horas tentando contato com a loja para que a troca fosse feita, mas nenhuma resposta. NÃO recomendo! ",2017-11-30 00:00:00,2017-11-30 20:31:41
a8cf0ae69badd34710e2f571430c4d74,26c032093452825fab1ef0adcde581ac,5,Revomendo,"Entrega antes do prazo, produto exatamente como está na foto, de qualidade, recomendo.",2018-08-24 00:00:00,2018-08-24 10:16:17
6efa360af67391bedc8f2454aa502494,8304f049f874798b19276d475a0b1851,5,,Ótimo preço eproduto,2017-12-27 00:00:00,2017-12-27 18:33:55
e4418d4f1ad07bf42c9615948320c949,8b50d4c9560cac1625c6fd9f536fc780,5,,,2018-05-04 00:00:00,2018-05-07 13:29:02
ebc9c29d8fde23345b7f177b9c89ad65,c000556923c9e9f96eb1121213f153b0,3,,,2017-11-30 00:00:00,2017-12-01 00:16:37
36ec7beab972a0bd81e25c048195342f,a4b276bd4a9eba543ec90cdf29a67308,2,,Razoável. Achei a manta muito fina.,2017-06-28 00:00:00,2017-06-29 06:27:18
faa37bc9bd65952018be0bb674be9daf,99316aecfb3e31190e43714f7643a49b,5,Entregue! ,Produto foi entregue dentro do prazo e foi mais rápido do que eu pensava! Amei!! ,2018-05-15 00:00:00,2018-05-16 10:14:41
18633f3ccce07cc4c01a203d78c1c2d2,4abd25ff34f0b324cadc39a6529b05c8,2,,"Comprei dois produtos e só recebi um, já enviei dois emails ao vendedor mas ainda não obtive resposta.",2018-04-13 00:00:00,2018-04-14 08:51:35
a0b607355c55f96f976655f6b28f1265,b0200f320613faea21c999a90efa28ab,5,,,2018-02-21 00:00:00,2018-02-24 13:37:17
b2d03e4b730e0b8edb648ecd754a0eef,14e3b02a42f36ad7bdcdc8a0df427be3,4,,"Avaria na embalagem, restante 100%...",2018-04-05 00:00:00,2018-04-07 23:08:05
cd58b3b52d2707cb115de2c429125c5b,4c074254980764fecff977c97ce88c4d,4,,produto tudo em conforme a descrição,2017-12-21 00:00:00,2017-12-27 11:23:16
b3bef9674d4208b07c2313d1a6a62132,38b80ac02e3ce34b306483fc57a33bc5,1,,,2017-03-29 00:00:00,2017-03-29 17:06:08
3b3c4285babc5ada121c163460da6ca2,f97b2bdfbaca9c2f04722d8cbc8cc8a5,1,,,2018-08-17 00:00:00,2018-08-20 22:11:42
78adf4b75add99875af29d70ffcbf878,b2e5be9642d390480c19fbc80e533de6,5,,,2018-05-01 00:00:00,2018-05-02 00:24:20
ebe73d53029c5ffd1c8489f0f46d823e,825c221a4e981f278e9c5ec6ead83a3f,5,,Recebi o produto dentro do prazo.tudo ok,2017-07-11 00:00:00,2017-07-11 19:37:37
7a4b14b79bb1e7d642319bc184206bc1,c4ed5db53397cdd0f24bb4ba48f769f8,5,,"Não tive nenhum problema!!!!
",2017-06-27 00:00:00,2017-06-28 13:27:10
bc815bbe9f2507c6e7872cb73a5e73e5,cd49c5c6f772ac87200f116a7a5499e5,5,,,2017-03-15 00:00:00,2017-03-16 21:34:33
ca4c23aac450c37fef4ef80267af713d,832c61671b530bdc7d56880581bc2146,5,,,2017-09-19 00:00:00,2017-09-20 23:30:06
97859cb375e228277a637a6b9c3c42dd,45881387721786e660460cd8bfcb2010,4,,,2018-05-11 00:00:00,2018-05-11 18:36:27
2b334d5e20dc2c7428516d048ea22c8c,00fc308dd7f0937682698becaa9dcc45,5,,,2018-08-28 00:00:00,2018-08-28 19:59:36
9938b646f8e7e052ef8dd523dd0633cd,233f0d86db908dbeb6c2ae5675b31e71,5,,,2017-11-22 00:00:00,2017-11-23 03:05:47
1d0663f158a109d9c3bdc2c7cf2c8fe4,42769a5163a34297f4458dbccf206b36,5,,Excelente!,2017-09-07 00:00:00,2017-09-07 17:12:11
70ea1ba3386c95c93125d23168d30c1c,c6c96aae858cf470816e5080de363e47,5,Recomendo!!!,Recebi o produto dentro do prazo!!! No dia que chegou ja testei e adorei o produto!!! ,2018-07-24 00:00:00,2018-07-25 11:20:38
1d65ee99944759a8fa17c28fb9b3dd9e,0510f632b86f01064ebbde67deb63bb5,5,Excelente produto.,Excelente produto.,2018-07-05 00:00:00,2018-07-09 00:31:26
86256e6ddb2e7655f62983e30f3683f1,a5dfe2f94a7c8cb55a435a6ed9fc2c12,5,,Parabéns ,2017-05-16 00:00:00,2017-05-19 16:54:09
683a551019f3edf7b15611ab3c1c95db,3a97b29009aa1ec54a67fd256b762b14,5,,,2017-08-23 00:00:00,2017-08-24 18:48:59
d0e393ba4b8737b280accb18203a6c51,9dabd200c58f609f380ecd1e44898086,4,,,2018-06-28 00:00:00,2018-07-02 10:16:04
c1e955ce419fe225bb25a23e9a781e25,c9abb9f3b4b71b87bfbc5645a02cf8cc,2,,"Recebi parte do pedido. Comprei dois cartões de memoria e só recebi um. Também veio outro pacote do mesmo fornecedor, só que com mercadoria errada. No mesmo dia que recebi a mercadoria entrei em conta",2018-04-24 00:00:00,2018-04-25 16:26:16
d368e76f98bfb6e28aed307364d749f6,cdb67b9f52b1b7cd79169a5aae48d7c2,4,,,2018-04-03 00:00:00,2018-04-05 17:40:45
6914c4270aa5623b6fb5993accddf3ad,778d960ed98fe278fca42ee20d002b1f,5,,,2018-05-10 00:00:00,2018-05-11 14:59:16
c2ef1d17ad335476d4f10852afcbbbc0,0d5fb8614978748bcfbef448c8a74a17,5,,,2018-08-16 00:00:00,2018-08-17 23:28:28
aa1350f10b6efa430254b68f51919aa3,4ce0d39282d4d45834a51b1ca7fbb311,3,,"Recebi, mas houve diferenças na orifício da câmera traseira, sensor digital, flash.Ficando fora de centro. ",2018-02-22 00:00:00,2018-02-23 02:13:25
e62f5da8f06207f90573e7da54c5fa0c,29d3f2fc23b7f95b28dbe5e3ef783d93,4,,,2018-08-14 00:00:00,2018-08-15 11:28:30
64cc3a3c459cf8a1d1b07ada1a839696,636f0241ddc83a3b9e37a8088167bd45,5,,,2017-11-04 00:00:00,2017-11-05 16:54:13
036ea03185f9aa593d9cad1335e1acff,faa01b7a24d0ba51d0d0ec652cd9b745,4,,"ainda não foi usado o produto, mas acredito que seja ótimo.",2018-07-26 00:00:00,2018-07-30 12:03:16
490be4744bde20f21619b4720442c716,5662e7f8bbc6abe55e104ac06994a731,1,,,2017-10-19 00:00:00,2017-10-20 16:33:31
cb2ec025f56cc52bd872eb19f435869b,569d43a54c364df5b367ab33e96eacf0,1,,"ainda nao recebi o produto e nao consigo gerar vale para comprar outro.
exijo atenção para meu caso.",2017-11-10 00:00:00,2017-11-13 14:54:23
b1335ab6369036a1935af133cea0b009,0589d8b975f21fea2ad626ea99527911,3,,"Falta entregar o resto dos produtos, dessa vez não demorou, muito da primeira vez demorou um mes e 10. ( vcs deveriam abaixar mais frete de vcs que é muito caro. 
Obrigada",2018-03-08 00:00:00,2018-03-09 12:06:05
feb29a3c7e681b82d1d0493b544973ad,f00c74caaa25430b1fa361c158e8996a,3,,Ainda não tenho opinião sobre a loja. Como posso dizer se recomendo se não recebi o produto? Sei do problema da greve que tivemos e deve ter afetado essa entrega não chegar no prazo. No aguardo.,2018-06-09 00:00:00,2018-06-11 15:06:39
a38ec1acb83b0b74275659195aa24483,ece3ab91bd67ba73563dd0468fc3bde2,2,,,2017-10-12 00:00:00,2017-10-17 20:20:09
22dff40b3b946c8b5081b38342ee9d23,479715da59efdc67c1722f985a94d18c,5,,,2017-09-12 00:00:00,2017-09-12 21:44:38
86ff0cde0953bdecda18ccb33d88a16f,1e2b94b476c8738fbc5aed69524f2da4,5,,,2017-08-25 00:00:00,2017-08-28 15:45:31
4b06f63838461927a2afb7007ee527be,82b1c20e33da405ba22cded4ff91d160,5,,,2018-02-18 00:00:00,2018-02-20 17:46:44
29a8ba259b6e131f5007abf0659a329e,1389d3b1fab26d87e40c382d11a8ac3c,4,,,2018-08-28 00:00:00,2018-08-31 01:51:32
a13a460fb07cf6bd19793b15c3448517,544bad401327a8f0de6786c7ccd73c8b,5,,,2017-05-18 00:00:00,2017-06-04 18:04:48
ca3e9ebf3b0397c515106698dc261c9c,99dde9a4d6ee5c602380551b002ddad7,4,,,2017-09-14 00:00:00,2017-09-15 01:25:42
91a5f42bead2809194d326f13a127b8f,3b9de7cf25713aac3ab7e5cc48d83983,5,,Excelente entrega perfeita tudo ok,2017-08-10 00:00:00,2017-08-12 23:31:57
5ec5e8fafdfbb3e5d8b1d4fa35c2c5a7,f5a1d7fb9cd502618f942b1295676f1b,4,,,2018-01-23 00:00:00,2018-01-24 10:42:31
2f4bd300c6bf3e574d0b8ea22f1b5537,5cc6d864fa9e1a90eaf5207737549ffc,1,,,2017-11-16 00:00:00,2017-11-17 17:27:47
d8bef0bbad507b83d991b958f50b33f3,a162da83b66ff8c619d83b87c1de93b9,1,não recebi,não recebi o produto no prazo previsto,2018-08-23 00:00:00,2018-08-23 19:38:10
d0fc28c356fc7317db44379249015872,f33aa647f08ec9623c76b6212be92333,1,,Não recebi o produto e continuo sem receber o estorno do valor que paguei pro produto.,2017-06-22 00:00:00,2017-06-28 16:29:12
b7fef0c17df4fdd0c0796ba3da858c8f,8d23fb4e17833d8bf866d3ae3481a3cd,5,,,2018-08-01 00:00:00,2018-08-01 16:16:51
a496cb0551524b8175580ef1373710ff,717b5830932c155c67ba3232934a93c5,5,Recomendo,"Esse item recebi no prazo, lacrado e certinho.
O item 2 - balança de vidro veio (totalmente quebrado), estou tentando reclamar via site mas só dá erros",2018-07-29 00:00:00,2018-07-31 15:16:57
80d7246619c6e2cd0af76aad13181a8c,20cae0a28869a4321d8fe372731f80e0,1,," Relogio muito feio! Nada haver com a foto.
 Nao recomendo..... parece relogio de brinquedo.
Aff joguei dinheiro fora",2018-01-27 00:00:00,2018-01-27 20:01:43
27c39c7264b55c7d4bbd29c99dd9cca7,b5eb3252f8e5ded7044d176ed49e2ecb,5,,,2018-06-23 00:00:00,2018-06-23 22:38:05
c02d52a1c2b3c35e5663347b2f4da4d1,5620e57611d71ee82bf1b40183f57bdf,5,,,2018-03-01 00:00:00,2018-03-03 19:59:15
130259da9e391eef7635203a2e744448,d43d694cf81ca89d8e50c6f3c199f0de,3,,,2018-02-16 00:00:00,2018-02-18 12:03:23
7c2e90f1dd4fd440e32977334a4fa99b,5001ef7f5cc08023f39a4f6b7c09b5f5,5,,Ocorreu tudo certo produto muito bom e entregue no prazo,2018-05-22 00:00:00,2018-05-22 23:17:07
ddb3a4c9c0dc5ead130ca903e9806687,943dc313319b98a46f1aa70d59b68715,2,Recomendo sim,Recebi apenas 1 kit de quadros. Estou aguardando pelo outro kit.,2018-07-07 00:00:00,2018-07-08 16:22:03
4fbe5b7fa603dd1c5fa8fe479f864bf5,a6f118bcb8721211afbb36e4a1e63610,5,Ótima ,,2018-08-19 00:00:00,2018-08-19 22:24:52
471a14f900dfc0e51cde48db8a73b114,a5d3eeeb605f6e2ce95e590543148234,5,,,2018-05-16 00:00:00,2018-05-16 21:48:29
447e8f1c1d1f5c33b686abaaef12f1bf,e317f41180b8a6fa3ce86b6fba6ac3fa,5,,,2018-07-06 00:00:00,2018-07-09 16:14:56
1af7ff2a3ede26c804410983350589fb,56430e0b9968b381942760e433583b27,5,,Ótima loja e excelente produto!,2017-03-09 00:00:00,2017-03-10 01:04:02
ecbaf1fce7d2c09bfab46f89065afeaf,a67f04f0a3022835f86664a0070fe36e,5,,,2017-07-27 00:00:00,2017-07-28 16:57:18
73baa1270fbabcd8e7da2044e887eaca,343ee80178e16012130cb0007eac5888,4,,otimo serviço,2017-12-21 00:00:00,2017-12-26 00:16:38
cb44e7ba6bacbf6f348aec2b9ab56790,4f62d593acae92cea3c5662c76122478,5,,,2017-07-22 00:00:00,2017-07-24 12:52:56
ccad2588c789ea03f956010cc255c87a,115cf7c242febcbed832ad6d631db40e,3,,,2017-05-17 00:00:00,2017-05-18 11:15:27
db6d867780c66f7c559ae441a16e8e85,578daeebdebcc19bd2dcba1f6b06b3ce,5,,,2018-06-03 00:00:00,2018-06-05 12:19:23
6e1d6f7414f5d57fd209e40d2284b5f2,13cde3630a835cffb389eee14cbc0e1a,3,,Recebi outro produto pois oque comprei nao consta em estoque. Mas mesmo assim nao tiraram do site.,2018-03-19 00:00:00,2018-03-19 18:33:17
2cd70fb200a30bc211deab67cb24f919,e45620eb46de3b95c078fb17e75db83e,4,Recomendo,"Compra fácil e entrega rápida, só o frete que acho que deveria ter um valor mais baixo",2018-07-12 00:00:00,2018-07-13 14:10:26
154511baf6f24a04b1083646f0953bac,ac8b3ecc5daa5b2d54a81b3ba337bf6f,1,,comprei dois produtos so me entregaram um,2018-03-03 00:00:00,2018-03-05 18:31:52
0802f0705cb37ecdade0747dcd2c1176,0c91c4102d1858f4ced29970f55e54a0,3,,"só a estampa que não é tao viva as cores como a da imagem , mas o produto é bom ",2017-03-08 00:00:00,2017-04-28 17:40:14
477f9d0cc1dc009eda151d0f0dccd698,7b4cc813e327ec14c78f547a763f46b8,3,,,2018-03-30 00:00:00,2018-04-09 22:01:08
cf6c97af468468529a43f61127146053,a7b984cb7dba04216ef3408f9fdc724f,3,,Bom produto de fácil manuseio.,2018-02-28 00:00:00,2018-03-02 18:23:45
4806eb6d31cf9c4bbc51adf84544bee1,848e76f65aa5d3843c356d8a68dfa5b5,4,,,2018-05-12 00:00:00,2018-05-15 11:21:38
8c3d0eecb2cb74051d9b03ea3bd0b2c9,39c438f2a835b25cd51bbd1bed5d089e,5,,Fácil de instalar e prática. ,2018-01-09 00:00:00,2018-01-09 22:01:45
8ab698ec482f239720c1d6bba027efb6,b68a52eb0d8bcd5f784a5f95b98a6cf6,5,,,2018-02-28 00:00:00,2018-03-03 14:00:02
79260994e3ea315b3dd92171821e8cd1,f2120851611e040d268c3be41ac51228,3,,,2017-09-19 00:00:00,2017-09-20 01:02:22
ad15118c0268a0e5187b957c8ffe411a,ced669a0f18cc433701f1011449b80fe,5,,,2018-06-30 00:00:00,2018-07-02 20:25:08
3932906047a7d32bef9f69b580752a3d,338be6220254203898339bb8b6021138,5,Tudo perfeito,Mesmo com a paralisação o produto chegou antes do previsto. E vieram sem nenhum problema,2018-06-01 00:00:00,2018-06-01 09:35:08
5aea605827102143e4b5da512eb7b45e,c0cb48c270009fc128318b2f9eda3bec,5,,,2018-05-05 00:00:00,2018-05-08 01:35:12
b7597ba6e4447f3364fc9885b89aa0d5,faa72e2db68f17d71fa5c725cafc53ad,5,,,2018-04-21 00:00:00,2018-04-24 00:56:17
485171ac850d50070902742218513686,904d1d3bf21a8c56e931f8ac05d284c6,4,,,2018-07-25 00:00:00,2018-08-02 10:36:19
04de8cd3ff7e266fab83809dfb2b35e0,f65681ae52bf95372fcd66c697752f3d,5,Excelente,"Produto muito bom, recomendo.",2018-06-27 00:00:00,2018-06-28 01:58:55
ce38dd91f4b7039a046ebf4da258e2e4,b8fba4dc6ff421731ed01f46c701084a,5,,,2018-01-23 00:00:00,2018-01-24 00:35:14
966ba7467588d007c1e8beb4e2f8d2d6,e68a0761535bd432bb847f4ae7b7b4c0,1,,,2017-12-10 00:00:00,2017-12-31 09:09:58
ace1681ba6adfe10d0403d68170fde8f,0eb43791d78d71f1098d5cb2b46e4c7b,5,,,2017-04-10 00:00:00,2017-04-15 00:15:25
96b7017aa047094ca776e53ef9c8d43b,385408894abaef5ea2b48046ca02f823,5,,,2018-02-28 00:00:00,2018-03-01 11:06:08
038c764684b2d6ceb477b0e298a3f3cd,9e711ba681b09da30750ac0fe7a0cc3b,3,,,2017-10-10 00:00:00,2017-10-11 07:51:46
f7dc89f0482f47559e3698e89ca670bc,a95f8f8384a13be626e06154468a9200,5,,,2018-02-28 00:00:00,2018-03-01 00:45:55
1b578ab0eb622c9f916a47bd9ab1a020,5d9fde36e9b14f9c646577bb073b1486,5,,Excelente,2018-03-01 00:00:00,2018-03-05 14:21:19
9001b13d1c2bceb2b6cef50e1f7a6385,edd3d7495d5177045823010a1f6ac22a,5,,,2018-06-21 00:00:00,2018-06-22 20:02:03
f910d8f0cedf90753a41b3b2f1293f72,3d5857f4fdb1061d247dea2544782580,4,,"Produto de boa qualidade, mas muito caro aqui no Brasil. Como ia demorar para viajar decidi comprar por aqui mesmo...",2017-10-28 00:00:00,2017-10-30 10:22:54
bfc4bd2ed244edc398330d61e883faa1,21c9855588b3946347dcaa1f159edcd8,5,,Estou satisfeita recomendo a todos.,2018-06-07 00:00:00,2018-06-08 01:50:19
dc256d430498cab26574dd73c65f2c44,77e4da3755c479aac3d6f7f2a5e94516,4,,"Se a mesa fosse um pouco mais alta teria mais utilidade ainda. Mas entrega dentro do prazo, r produto correto. ",2018-03-10 00:00:00,2018-03-10 21:10:28
a26a76d45a2ccca2c334b18b600c7832,a820e4b8830258a148d161ba6d8bf419,4,,,2017-06-23 00:00:00,2017-06-27 17:27:58
dd052dfff1d3b48e1c9526fdc3a63533,ad9259e8a14df6ee75201925f28d4a8f,5,,,2017-09-06 00:00:00,2017-09-07 09:50:31
4302817ffcedb32a4499e75244c733f4,dc078338903735916fab84f036188dcc,5,10000000000000,excelente ,2018-04-28 00:00:00,2018-04-28 21:44:11
7845ca2401d4b2acd7e8b505f65ee2d8,2c5871f32e23db4f41bf1c58df2f1bee,5,,Sempre compro no site da lannister e sempre recebo antes do prazo e tudo dentro do esperado.,2017-10-24 00:00:00,2017-10-25 11:24:07
4930703ae4fccd4d2d3b44cf63a9e632,5cf925b116421afa85ee25e99b4c34fb,5,,,2017-03-10 00:00:00,2017-03-13 00:18:46
edcb839ed2c067936d1ee8290ec8d831,b89601b4491425014432a96e02034092,5,,,2018-02-07 00:00:00,2018-02-13 03:22:50
b0178c4529312e59fbc45dfe75b04407,4ed3b57567c08a15c71665d759230b6f,1,,Produto que não atende ao que se propõe e além disso com especificações propostas diferente do entregue,2017-12-24 00:00:00,2017-12-25 12:55:39
f4f1c9efb5471f834743675de207f797,3772bd82db6b988f9a7008bdb3a4b729,4,,,2017-09-07 00:00:00,2017-09-11 13:54:08
1044e7429bdbfc8266c3cc968521b9aa,fa2de0086db43d394d58f69a111f8f69,4,,,2018-06-13 00:00:00,2018-06-13 22:10:12
7032fdbb71142fdae88159ef11632354,1674cd4deb921f97a794a8401ce9017b,5,,,2018-01-05 00:00:00,2018-01-06 00:41:12
0a6ec47c5d78509672e16b95efcff53b,e504f586e9ffc862cad95482af740af4,5,,,2017-05-08 00:00:00,2017-05-08 17:57:57
